{"content": [{"actor": "Ms. Walters", "dialogue": "Good evening, Im Barbara Walters, moderator of the last of the debates of 1976 between Gerald R. Ford, Republican candidate for president, and Jimmy Carter, Democratic candidate for president. Welcome, President Ford. Welcome, Governor Carter. And thank you for joining us this evening. This debate takes place before an audience in Phi Beta Kappa Memorial Hall on the campus of the College of William and Mary in historic Williamsburg, Virginia. It is particularly appropriate that in this Bicentennial year we meet on these grounds to hear this debate. Two hundred years ago, five William and Mary students met at nearby Raleigh Tavern to form Phi Beta Kappa, a fraternity designed, they wrote, to search out and dispel the clouds of falsehood by debating without reserve the issues of the day. In that spirit of debate, without reserve, to dispel the clouds of falsehood, gentlemen, let us proceed. The subject matter of this debate is open, covering all issues and topics. Our questioners tonight are Joseph Kraft, syndicated columnist; Robert Maynard, editorial writer for the Washington Post; and Jack Nelson, Washington bureau chief of the Los Angeles Times. The ground rules tonight are as follows: Questioners will alternate questions between the candidates. The candidate has up to two and one-half minutes to answer the question. The other candidate has up to two minutes to respond. If necessary, a questioner may ask a follow-up question for further clarification, and in that case the candidate has up to two minutes to respond. As was initially agreed to by both candidates, the answers should be responsive to the particular questions. Finally, each candidate has up to three minutes for a closing statement. President Ford and Governor Carter do not have prepared notes or comments with them this evening, but they may make notes and refer to them during the debate. It has been determined that President Ford would take the first question in this last debate, and Mr. Kraft, you have that first question for President Ford."}, {"actor": "Mr. Kraft", "dialogue": "Mr. President, uh  I assume that the Americans all know that these are difficult times and that theres no pie in the sky and that they dont expect something for nothing. Uh  so, Id like to ask you as a first question as you look ahead in the next four years, what sacrifices are you going to call on the American people to make, what price are you going to ask them to pay uh  to realize your objectives? Uh  let me add, uh  Governor Carter, that if  if you felt uh  that it was appropriate to answer that question in  in your comments uh  as to what price it would be appropriate for the American pay  people to pay uh  for a Carter administration, I think that would be proper too. Mr. President?"}, {"actor": "Mr. Ford", "dialogue": "Mr. Kraft, I believe that the American people, in the next four years under a Ford administration, will be called upon to make those necessary sacrifices to preserve the peace which we have. Which means, of course, that uh  we will have to maintain an adequate military capability  which means, of course, that we will have to add a uh  I think uh  a few billion dollars to our defense appropriations to make certain that we have adequate uh -strategic forces  adequate conventional forces. I think the American people will be called upon to uh  uh  be in the forefront in giving leadership to the solution of those problems that must be solved in the Middle East, in southern Africa, and any problems that might arise in the Pacific. The American people will be called upon to tighten their belts a bit in meeting some of the problems that we face domestically. I dont think that uh  America can go on a big spending spree with a whole lot of new programs uh  that would add significantly to the federal budget. I believe that the American people, if given the leadership that I would expect to give, would be willing to give this thrust to preserve the peace and the necessary restraint at home to hold the lid on spending so that we could, I think, have a long overdue and totally justified tax decrease for the middle-income people. And then, with the economy that would be generated from a restraint on spending, and a tax uh reduction primarily for the middle-income people, then I think the American people would be willing to make those sacrifices for peace and prosperity in the next uh  four years."}, {"actor": "Mr. Kraft", "dialogue": "Could I be a little bit more specific, Mr. President?"}, {"actor": "Mr. Ford", "dialogue": "Surely, surely, overlapping. Doesnt your policy really imply that were going to have a fairly high rate of unemployment over a fairly long time, that growth is gonna be fairly slow, and that were not gonna be able to do much  very much in the next four or five years to meet the basic agenda of our national needs in the cities, in health, uh in transit and a whole lot of things like that."}, {"actor": "Mr. Ford", "dialogue": "Not at all. overlapping, arent those the real costs?"}, {"actor": "Mr. Ford", "dialogue": "No, Mr. Kraft, were spending very significant amounts of money now, some $200 billion a year, almost 50 percent of our total federal expenditure uh  by the federal government at the present time for human needs. Now we will probably need to increase that to same extent. But we dont have to have  growth in spending that will blow the lid off and add to the problems of inflation. I believe we can meet the problems within the cities of this country and still uh  give a tax reduction. I proposed, as you know, a reduction to increase the personal exemption from seven hundred and fifty to a thousand dollars. With the fiscal program that I have, and if you look at the projections, it shows that we will reduce unemployment, that we will continue to win the battle against inflation, and at the same time give the kind of quality of life that I believe is possible in America. Uh  a job, a home for all those thatll work and save for it, uh  safety in the streets, uh  health that is a  health care that is affordable. These things can be done if we have the right vision and the right restraint and the right leadership."}, {"actor": "Ms. Walters", "dialogue": "Thank you. Governor Carter, your response please."}, {"actor": "Mr. Carter", "dialogue": "Well I might say first of all that I think in case of the Carter administration the sacrifices would be much less. Mr. Fords own uh  environmental agency has projected a 10 percent unemployment rate by 1978 if hes uh  president. The American people are ready to make sacrifices if they are part of the process. If they know that they will be helping to make decisions and wont be excluded from being an involved party to the national purpose. The major effort we must put forward is to put our people back to work. And I think that this uh  is one example where uh  a lot of people have selfish, grasping ideas now. I remember 1973 in the depth of the uh  energy crisis when President Nixon called on the American people to make a sacrifice, to cut down on the waste of uh  gasoline, to cut down on the uh  speed of automobiles. It was a  a tremendous surge of patriotism, that I want to make a sacrifice for my country. I think we uh  could call together, with strong leadership in the White House, business, industry and labor, and say lets have voluntary price restraints. Lets lay down some guidelines so we dont have continuing inflation. We can also have a- an end to the extremes. We now have one extreme for instance, of some welfare recipients, who by taking advantage of the welfare laws, the housing laws, the uh  Medicaid uh  laws, and the uh  food stamp laws, make over $10 thousand a year and uh  they dont have to pay any taxes on it. At the other extreme, uh  just 1 percent of the richest people in our country derive 25 percent of all the tax benefits. So both those extremes grasp for advantage and the person who has to pay that expense is the middle-income family whos still working for a living and they have to pay for the rich who have privilege, and for the poor who are not working. But I think uh  uh  a balanced approach, with everybody being part of it and a striving for unselfishness, could help as it did in 1973 to let people sacrifice for their own country. I know Im ready for it. I think the American people are too."}, {"actor": "Ms. Walters", "dialogue": "Thank you. Mr. Maynard, your question for Governor Carter."}, {"actor": "Mr. Maynard", "dialogue": "Governor, by all indications, the voters are so turned off by this election campaign so far that only half intend to vote. One major reason for this apathetic electorate appears to be the low level at which this campaign has been conducted. It has digressed frequently from important issues into allegations of blunder and brainwashing and fixations on lust and Playboy. What responsibility do you accept for the low level of this campaign for the nations highest office?"}, {"actor": "Mr. Carter", "dialogue": "I think the major reason for a decrease in participation that we have experienced ever since 1960 has been the deep discouragement of the American people about the performance of public officials. When youve got seven and a half, eight million people out of work, and youve got three times as much inflation as you had during the last eight-year Democratic administration, when you have the highest deficits in history; when you have it uh  becoming increasingly difficult far a family to put a child through college or to own a home, theres a natural inclination to be turned off. Also, in the aftermath of Vietnam and Cambodia and uh  Watergate and uh  the CIA revelations, people have feel  have felt that theyve uh been betrayed by public officials, I have to admit that in the uh  heat of the campaign  Ive been in thirty primaries during the springtime, Ive been campaigning for twenty-two months  Ive made some mistakes. And I think this is uh  uh  part of uh  of just being a human being. I  I have to say that my campaign has been an open one. And uh  the Playboy thing has been of great  very great concern to me. I dont know how to deal with it exactly. Uh  I uh  agreed to give the interview uh  to Playboy Other people have done it who are notable  uh  Governor Jerry Brown, uh  Walter Cronkite, uh  Albert Schweitzer, Mr. Fords own secretary of the treasury, Mr. Simon, uh  William Buckley  many other people. But they werent running for president, and in retrospect, from hindsight, I would not have given that uh  interview had I do it  had it  I to do it over again. If I should ever decide in the future to discuss my  my deep Christian beliefs and uh  condemnation and sinfulness, Ill use another forum besides Playboy. But I can say this, uh  Im doing the best I can to get away from that, and during the next ten days, the American people will not see the Carter campaign running uh  television advertisements and newspaper advertisements based on a personal attack on President Fords character. I believe that the opposite is true with President Fords campaign, and uh  I hope that we can leave those issues in this next ten days about personalities and mistakes of the past  weve both made some mistakes  and talk about unemployment, inflation, housing, education, taxation, government organization, stripping away of secrecy, and the things that are crucial to the American people. I regret the things in my own long campaign that have been mistaken, but Im trying to do away with those the last ten days."}, {"actor": "Ms. Walters", "dialogue": "Thank you, Governor Carter. President Ford, your response."}, {"actor": "Mr. Ford", "dialogue": "I believe that the uh  American people have been turned off in this election, uh  Mr. Maynard, for a variety of reasons. We have seen on Capitol Hill, in the Congress, uh  a great many uh  allegations of wrong-doing, of uh  alleged immorality, uh  those are very disturbing to the American people. They wonder how an elected representative uh  can serve them and participate in such activities uh  serving in the Congress of the United States. Yes, and Im certain many, many Americans were turned off by the revelations of Watergate, a very, very uh  bad period of time in American political history. Yes, and thousands, maybe millions of Americans were turned off because of the uh  problems that came out of our involvement in Vietnam. But on the other hand, I found on July fourth of this year, a new spirit born in America. We were celebrating our Bicentennial; and I find that uh  there is a  a movement as I travel around the country of greater interest in this campaign. Now, like uh  any hardworking uh  person seeking public office uh  in the campaign, inevitably sometimes you will use uh  rather graphic language and Im guilty of that just like I think most others in the political arena. But I do make a pledge that in the next ten days when were asking the American people to make one of the most important decisions in their lifetime, because I think this election is one of the mast vital in the history of America, that uh  we do together what we can to stimulate voter participation."}, {"actor": "Ms. Walters", "dialogue": "Thank you, President Ford. Mr. Nelson, your question to President Ford."}, {"actor": "Mr. Nelson", "dialogue": "Uh  Mr. President, you mentioned Watergate, and you became president because of Watergate, so dont you owe the American people a special obligation to explain in detail your role of limiting one of the original investigations of Watergate, that was the one by the House Banking Committee? And, I know youve answered questions on this before, but there are questions that still remain and I think people want to know what your role was. Will you name the persons you talked to in connection with that investigation, and since you say you have no recollection of talking to anyone from the White House, would you be willing to open for examination the White House tapes of conversations uh  during that period?"}, {"actor": "Mr. Ford", "dialogue": "Well, Mr. uh  Nelson, uh  I testified before two committees, House and Senate, on precisely the questions that you have asked. And the testimony under oath was to the effect that I did not talk to Mr. Nixon, to Mr. Haldeman, to Mr. Ehrlichman, or to any of the people at the White House. I said I had no recollection whatsoever of talking with any of the White House legislative liaison people. I indicated under oath that the initiative that I took was at the request of the ranking members of the House Banking and Currency Committee on the Republican side, which was a legitimate request and a proper response by me. Now that was gone into by two congressional committees, and following that investigation, both committees overwhelmingly approved me, and the House and the Senate did likewise. Now, in the meantime, the special prosecutor, within the last few days, after an investigation himself, said there was no reason for him to get involved because he found nothing that would justify it. And then just a day or two ago, the attorney general of the United States made a further investigation and came to precisely the same conclusion. Now, after all of those investigations by objective, responsible people, I think the matter is closed once and for all. But to add one other feature, I dont control any of the tapes. Those tapes are in the jurisdiction of the courts and I have no right to say yes or no. But all the committees, the attorney general, the special prosecutor, all of them have given me a clean bill of health. I think the matter is settled once and for all."}, {"actor": "Mr. Nelson", "dialogue": "Well, Mr. President, if I do say so though, the question is that I think that you still have not gone into details about what your role in it was. And I dont think there is any question about whether or not uh  there was criminal prosecution, but whether  whether you have told the American people your entire involvement in it. And whether you would be willing, even if you dont control the tapes, whether you would be willing to ask that the tapes be released for examination."}, {"actor": "Mr. Ford", "dialogue": "Thats for the uh  proper authorities who have control over those tapes to make that decision. I have given every bit of evidence, answered every question thats as- been asked me by any senator or any member of the House. Plus the fact, that the special prosecutor, on his own initiation, and the attorney general on his initiation, the highest law enforcement official in this country, all of them have given me a clean bill of health. And Ive told everything I know about it. I think the matter is settled once and for all."}, {"actor": "Ms. Walters", "dialogue": "Governor Carter, your response."}, {"actor": "Mr. Carter", "dialogue": "I dont have a response."}, {"actor": "Ms. Walters", "dialogue": "Thank you. Then well have the next question from Mr. Kraft to Governor Carter."}, {"actor": "Mr. Kraft", "dialogue": "Uh  Governor Carter, the next big crisis spot in the world may be Yugoslavia. Uh  President Tito is old and sick and there are divisions in his country. Uh  its pretty certain that the Russians are gonna do everything they possibly can after Tito dies to force Yugoslavia back into the Soviet camp. But last Saturday you said, and this is a quote, I would not go to war in Yugoslavia, even if the Soviet Union sent in troops. Doesnt that statement practically invite the Russians to intervene in Yugoslavia? Ah  doesnt it discourage Yugoslavs who might be tempted to resist? And wouldnt it have been wiser on your part uh  to say nothing and to keep the Russians in the dark as President Ford did, and as I think every president has done since  since President Truman?"}, {"actor": "Mr. Carter", "dialogue": "In the last uh  two weeks, Ive had a chance to talk to uh  two men who have visited uh  the Soviet Union, Yugoslavia and China. One is Governor Avell- Averell Harriman, who visited the Soviet Union and Yugoslavia, and the other is James Schlesinger, whom I think you accompanied to uh  China. I got a- a complete report back from those countries from these two distinguished  uh  gentlemen. Mr. Harriman talked to the leaders in Yugoslavia, and I think its accurate to say that there is no uh  prospect in their opinion, of the Soviet Union invading uh  Yugoslavia should uh  Mr. Tito pass away. The present leadership uh  there is uh  is fairly uniform in  in their purpose, and I think its a close-knit group, uh  and uh  I think it would be unwise for us to say that we will go to war uh  in Yugoslavia uh  if the Soviets should invade, which I think would be an extremely unlikely thing. I have maintained from the very beginning of my campaign, and this was a standard answer that I made in response to the Yugoslavian question, that I would never uh  go to war or become militarily involved, in the internal affairs of another country unless our own security was direc- rectly threatened. And uh  I dont believe that our security would be directly threatened if the Soviet Union went uh  into Yugoslavia. I dont believe it will happen. I certainly hope it wont. I would take eh  the strongest possible measures short of uh  actual military uh  action there by our own troops, but I doubt that that would be an eventuality."}, {"actor": "Mr. Kraft", "dialogue": "One quick follow-up question. (GOVERNOR CARTER: Yes.) Did you clear the response you made with Secretary Schlesinger and Governor Harriman?"}, {"actor": "Mr. Carter", "dialogue": "No, I did not."}, {"actor": "Ms. Walters", "dialogue": "President Ford, your response."}, {"actor": "Mr. Ford", "dialogue": "I firmly believe, uh  Mr. Kraft, that its unwise for a president to signal in advance what uh  options he might exercise if any uhh  international problem arose. I think we all recall with some sadness that at uh  the period of the nin- late nineteen forties, early nineteen fifties, there were some indications that the United States would not include uh  South Korea in an area of defense. There are some who allege, I cant prove it true or untrue, that uh  such a statement uh  in effect invited the North Koreans to invade South Korea. Its a fact they did. But no president of the United States, in my opinion, should signal in advance to a prospective enemy, what his uhh  decision might be or what option he might exercise. Its far better for a person sitting in the White House uh  who has a number of options to make certain that the uh  other side, so to speak, doesnt know precisely what youre going to do. And therefore, that was the reason that I would not uh  identify any particular course of action uh  when I responded to a question a week or so ago."}, {"actor": "Ms. Walters", "dialogue": "Thank you, Mr. Maynard, your question to President Ford, please."}, {"actor": "Mr. Maynard", "dialogue": "Sir, this question concerns your administrative performance as president. The other day, General George Brown, the chairman of the Joint Chiefs of Staff, delivered his views on several sensitive subjects, among them Great Britain, one of this countrys oldest allies. He said, and I quote him now, Great Britain, its a pathetic thing. It just makes you cry. Theyre no longer a world power. All they have are generals, admirals, and bands, end quote. Since General Browns comments have caused this country embarrassment in the past, why is he still this nations leading military officer?"}, {"actor": "Mr. Ford", "dialogue": "I have indicated to General Brown that uh  the words that he used in that interview, in that particular case and in several others, were very ill advised. And General Brown has indicated uh  his apology, his regrets, and I think that will, uh  in this situation, settle the matter. It is tragic that uh  the full transcript of that interview was not released and that there were excerpts, some of the excerpts, taken out of context. Not this one, however, that you bring up. General Brown has an exemply [sic] record of military performance. He served this nation with great, great skill and courage and bravery for thirty-five years. And I think its the consensus of the people who are knowledgeable in the military field, that he is probably the outstanding military leader and strategist that we have in America today. Now he did use uh  ill-advised words, but I think in the fact that he apologized, that he was reprimanded, uh  does permit him to stay on and continue that kind of leadership thats we so badly need as we enter into uh  negotiations uh  under the SALT II agreement, or if we have operations that might be developing uh in the Middle East or southern Africa, in the Pacific, uh  we need a man with that experience, that knowledge, that know-how, and I think, in light of the fact that he has uh  apologized, uh  would not have justified my asking for his resignation."}, {"actor": "Ms. Walters", "dialogue": "Thank you. Governor Carter, your response."}, {"actor": "Mr. Carter", "dialogue": "Well, just briefly, I  I think this is uh  the second time that General Brown has made a statement that  for which he did have to apologize. And I know that everybody uh  makes mistakes. I think the first one was related to uh  the unwarranted influence of American Jews on the media and uh  in the Congress. This one concerned uh  Great Britain. I think he said that Israel was a  a military burden on us and that Iran hoped to reestablish the Persian Empire. Ah  Im not uh  sure that I remembered earlier that President Ford had  had expressed uh  his concern about the statement or apologized for it. This is uh  something, though, that I think uh  is indicative of the need among the American people to know how its commander-in-chief, the president, feels and  and  and I think the only criticism that I would have uh  on  of Mr. Ford is that uh  immediately when the statement was re  re  revealed, uh  perhaps a  a statement from the president would have been a clarifying and a very beneficial thing."}, {"actor": "Ms. Walters", "dialogue": "Mr. Nelson, your question now to Governor Carter."}, {"actor": "Mr. Nelson", "dialogue": "Governor, despite the fact that uh  youve been running for president a long time now, uh  many Americans uh  still seem to be uneasy about you. Uh  they dont feel that uh  they know you or the people around you. And one problem seems to be that you havent reached out to bring people of broad background or national experience into your campaign or your presidential plans. Most of the people around you on a day-to-day basis are the people youve kno- known in Georgia. Many of them are young and relatively inexperienced in national affairs. And uh  doesnt this raise a serious question as to uh  whether you would bring into a Carter administration uh people with the necessary background to run the federal government?"}, {"actor": "Mr. Carter", "dialogue": "I dont believe it does. Uh  I began campaigning uh  twenty-two months ago. At that time, nobody thought I had a chance to win. Uh  very few people knew who I was. I came from a tiny town, as you know, Plains, and didnt hold public office, didnt have very much money. And my first organization was just four or five people plus my wife and my children, my three sons and their wives. And we won the nomination by going out into the streets  barbershops, beauty parlors, restaurants, stores, in factory shift lines also in farmers markets and livestock sale barns  and we talked a lot and we listened a lot and we learned from the American people. And we built up uh  an awareness among the uh  voters of this country, particularly those in whose primaries I entered  thirty of them, nobodys ever done that before  about who I was and what I stood for. Now we have a very, very wide-ranging group of advisers who help me prepare for these debates and who teach me about international economics, and foreign affairs, defense matters, health, education, welfare, government reorganization. Id say, several hundred of them. And theyre very fine and very highly qualified. The one major decision that I have made since acquiring the nomination, and I share this with President Ford, is the choice of a vice president. I think this should be indicative of the kind of leaders I would choose to help me if I am elected. I chose Senator Walter Mondale. And the only criterion I ever put forward in my own mind was who among the several million people in this country would be the best person qualified to be president, if something should happen to me and to join me in being vice president if I should serve out my term. And Im convinced now, more than I was when I got the nomination, that Walter Mondale was the right choice, And I believe this is a good indication of the kind of people I would choose in the future. Mr. Ford has had that same choice to make. I dont want to say anything critical of Senator Dole, but Ive never heard Mr. Ford say that that was his prim- primary consideration  Who is the best person I could choose in this country to be president of the United States? I feel completely at ease knowing that someday Senator Mondale might very well be president. In the last five pres- vice presidential uh  nominees, uh  incumbents, three of them have become president. But I think this is indicative of what I would do."}, {"actor": "Ms. Walters", "dialogue": "President Ford, your response, please."}, {"actor": "Mr. Ford", "dialogue": "The Governor may not have heard my uh  established criteria for the selection of a vice president, but uh  it was a well-established criteria that the person I selected would be fully qualified to be president of the United States. And Senator Bob Dole is so qualified: sixteen years in the House of Representatives and in the Senate, uhh  very high responsibilities on important committees. I dont mean to be critical of uh  Senator Mondale, but uh  I was uh  very, very surprised when I read that uh  Senator Mondale made a very derogatory, very personal comment about General Brown uh  after the news story that uh  broke about General Brown. If my recollection is correct he indicated that uh  General Brown was not qualified to be a sewer commissioner. I dont think thats a proper way to describe aayuh- chairman of the Joint Chiefs of Staff who has fought for his country for thirty-five years, and Im sure the governor would agree with me on that. Uh  I think Senator Dole would show more good judgment and discretion than to so describe uh  a heroic and brave and very outstanding leader of the military. So I think our selection uh  of Bob Dole as vice president uh  is based on merit. And if he should ever become uh  the president of the United States, with his vast experience as member the House and a member of the Senate, as well as a vice president, I think he would do an outstanding job as president of the United States."}, {"actor": "Ms. Walters", "dialogue": "Mr. Kraft, your question to President Ford."}, {"actor": "Mr. Kraft", "dialogue": "Uh  Mr. President, uh  uh  let me assure you then maybe some of the uh viewing audience that being on this panel hasnt been as it may seem, all torture and agony. Uh  one of the heartening things is that uh  I and my colleagues have received uh  literally hundreds and maybe even thousands of suggested questions from ordinary citizens all across the country who want answers."}, {"actor": "Mr. Ford", "dialogue": "Thats a tribute to their interest in this election."}, {"actor": "Mr. Kraft", "dialogue": "Ill give you that. Ahh  but, uh  let me go on, because one main subject on the minds of all of them has been the environment. Uh  theyre particularly curious about your record. People  people really wanna know why you vetoed the strip-mining bill. They wanna know why you worked against strong controls on auto emissions. They wanna know why you arent doing anything about pollution uh  of the Atlantic Ocean. Uh  they wanna know a-a bipartisan organization such as the National League of Conservation Voters says that when it comes to environmental issues, you are  and Im quoting  hopeless."}, {"actor": "Mr. Ford", "dialogue": "Well, first, uh  let me set the record straight. I vetoed the strip-mining bill, Mr. Kraft, because it was the overwhelming consensus of knowledgeable people that that strip-mining bill would have meant the loss of literally uh  thousands of jobs, something around a hundred and forty thousand jabs. Number two, that strip-mining bill wouldve severely set back our need for more coal, and Governor Carter has said repeatedly that coal is the resource that we need to use more in the effort to become independent of the uh  Arab oil supply. So, I vetoed it because of a loss of jobs and because it wouldve interfered with our energy independence program. The auto emissions  uh  it was agreed by Leonard Woodcock, the head of the UAW, and by the uh  heads of all of the automobile industry, we had labor and management together saying that those auto emission standards had to be modified. But lets talk about what the Ford administration has done in the field of environment. I have increased, as president, by over 60 percent the funding for water treatment plants in the United States, the federal contribution. I have fully funded the land and water conservation program; in fact, have recommended and the Congress approved a substantially increased land and water conservation program. Uh  I have uh  added in the current year budget the funds for the National Park Service. For example, we uh  proposed about $12 million to add between four and five hundred more employees for the National Park Service. And a month or so ago I did uh  likewise say over the next ten years we should expand  double  this national parks, the wild wilderness areas, the scenic river areas. And then, of course, the  the final thing is that I have signed and approved of more scenic rivers, more wilderness areas, since Ive been president than any other president in the history of the United States."}, {"actor": "Ms. Walters", "dialogue": "Governor Carter."}, {"actor": "Mr. Carter", "dialogue": "Well, I might say that I think the League of Conservation Voters is absolutely right. This uh  administrations record on environment is very bad. Uh  I think its accurate to say that the uh  strip-mining law which was passed twice by the Congress  uh  and was only like two votes I believe of being overridden  would have been good for the country. The claim that it would have put hundred and forty thousand miners out of work is uh  hard to believe, when at the time Mr. Ford vetoed it, the United Mine Workers was uh  supporting the bill. And I dont think they would have supported the uh  bill had they known that they would lose a hundred and forty thousand jobs. Theres been a consistent policy on the part of this administration to lower or delay enforcement of air pollution standards and water pollution standards. And under both President Nixon and Ford, monies have been impounded that wouldve gone to uh  cities and others to control uh  water pollution. We have no energy policy. We, I think, are the only developed nation in the world that has no comprehensive energy policy, to permit us to plan in an orderly way how to shift from increasing the scarce uh  energy uh  forms: oil, and have research and development concentrated on the increased use of coal, which I strongly favor. The research and development to be used primary to make the coal burning uh  be clean. We need a heritage trust program, similar to the one we had in Georgia, to set aside additional lands that have uh  geological and archeological importance, uh natural areas for enjoyment. Uh  the lands that Mr. Ford uh  brags about having approved are in Alaska and they are enormous in uh  in size. But as far as the accessibility of them by the American people, its very uh  far in the future. Weve taken no strong position in the uh  control of pollution of our oceans, and I would say the worst uh  threat to the environment of all is nuclear proliferation. And this administration, having been in office now for two years or more, has still not taken strong and bold action to stop the proliferation of nuclear waste around the world, particularly plutonium. Those are some brief remarks about the failures of this administration. I would do the opposite in every respect."}, {"actor": "Ms. Walters", "dialogue": "Mr. Maynard, to Governor Carter."}, {"actor": "Mr. Maynard", "dialogue": "Governor, federal policy in this country since World War II has tended to favor the development of suburbs at the great expense of central cities. Does not the federal government now have an affirmative obligation to revitalize the American city? We have heard little in this campaign suggesting that you have an urban reconstruction program. Could you please outline your urban intentions for us tonight?"}, {"actor": "Mr. Carter", "dialogue": "Yes, Id be glad to. In the first place, uh  as is the case with the environmental policy and the energy policy that I just described, and the policy for nonproliferation of uh  of nuclear waste, this administration has no urban policy. Its impossible for mayors or governors to cooperate with the resident, because they cant anticipate whats gonna happen next. A mayor of a city like New York, for instance, needs to know uh  eighteen months or two years ahead of time what responsibility the city will have in administration and in financing  in things like housing, uh  pollution control, uh  crime control, education, welfare and health. This has not been done, unfortunately. I remember the headline in the Daily News that said, Ford to New York: Drop Dead. I think its very important that our cities know that they have a partner in the federal government. Quite often Congress has passed laws in the past designed to help people with uh  the ownership of homes and with the control of crime and with adequate health care and education programs and so forth. Uh  those uh programs were designed to help those who need it most. And quite often this has been in the very poor people and neighborhoods in the downtown urban centers. Because of the uh  great -ly- greatly uh  advantaged uh  tho- per  persons who live in the suburbs, better education, better organization, more articulate, more aware of what the laws are, quite often this money has been channeled out of the downtown centers where its needed. Also I favor all revenue sharing money being used for local governments, and also to remove prohibitions in the use of revenue sharing money so that it can be used to improve education, and health care. We have now uh  for instance only 7 percent of the total education cost being financed by the federal government. When uh  the Nixon-Ford Administration started, this was 10 percent. Thats a 30 percent reduction in the portion that the federal government contributes to education in just eight years. And as you know, the education cost has gone up uh  tremendously. The last point is that the major  uh thrust has gotta be to put people back to work. Weve got an extraordinarily high unemployment rate among downtown urban ghetto areas, uh  particularly among the very poor and particularly among minority groups, sometimes 50 or 60 percent. And the concentration of employment opportunities in those areas would help greatly not only to reestablish the tax base, but also to help reduce the extraordinary welfare cost. One of the major responsibilities on the shoulders of uh  New York City is to  is to finance welfare. And I favor a shifting of the welfare cost away from the local governments altogether. And over a longer period of time, let the federal government begin to absorb part of it thats now paid by the state governments. Those things would help a great deal with the cities, but we still have a  a very serious problem there."}, {"actor": "Ms. Walters", "dialogue": "President Ford."}, {"actor": "Mr. Ford", "dialogue": "Let me uh  speak out very strongly. The Ford administration does have a very comprehensive program to help uh  our major metropolitan areas. I fought for, and the Congress finally went along with a general revenue sharing program, whereby cities and uh  states, uh  the cities two-thirds and the states one-third, get over six billion dollars a year in cash through which they can uh  provide many, many services, whatever they really want. In addition we uh  in the federal government make available to uh  cities about uh  three billion three hundred million dollars in what we call community development. In adesh- in addition, uh  uh  as a result of my pressure an the Congress, we got a major mass transit program uh  over a four-year period, eleven billion eight-hundred million dollars. We have a good housing program, uh  that uh  will result in cutting uh  the down payments by 50 percent and uh  having mortgage payments uh lower at the beginning of any mortgage period. Were expanding our homestead uh  housing program. The net result is uh  we think under Carla Hills, whos the chairman of my uh  urban development and uh  neighborhood revitalization program, we will really do a first-class job in helping uh  the communities throughout the country. As a matter of fact, that committee under Secretary Hills released about a seventy-five-page report with specific recommendations so we can do a better job uh  the weeks ahead. And in addition, the tax program of the Ford administration, which provides an incentive for industry to move into our major uh  metropolitan areas, into the inner cities, will bring jobs where people are, and help to revitalize those cities as they can be."}, {"actor": "Ms. Walters", "dialogue": "Mr. Nelson, your question next to President Ford."}, {"actor": "Mr. Nelson", "dialogue": "Uh  Mr. President, your campaign has uh  run ads in black newspapers saying that quote, for black Americans, President Ford is quietly getting the job done. Yet, study after study has shown little progress in desegregation and in fact actual increases in segregated schools and housing in the Northeast. Now, civil rights groups have complained repeatedly that theres been lack of progress and commitment to an integrated society uh  during your administration. So how are you getting the job done for blacks and other minorities and what programs do you have in mind for the next four years."}, {"actor": "Mr. Ford", "dialogue": "Let me say at the outset, uh  Im very proud of the record of this administration. In the cabinet I have one of the outstanding, I think, administrators as the secretary of transportation, Bill Coleman. Youre familiar, Im sure, with the recognition given in the Air Force to uh  General James, and there was just uh  approved a three-star admiral, the first in the history of the United States Navy, so uh  we are giving full recognition to individuals of quality in the Ford administration in positions of great responsibility. In addition, uh  the Department of Justice is fully enforcing, and enforcing effectively, the Voting Rights Act, the legislation that involves jobs, housing for minorities, not only blacks but all others. Uh  the Department of uh  uh  HUD is enforcing the new legislation that uhh  outlaws, that takes care of redlining. Uh  what were doing is saying that there are opportunities, business opportunities, educational opportunities, responsibilities uh  where people with talent, black or any other minority, can fully qualify. The Office of Minority Business in the Department of Commerce has made available more money in trying to help uh  black businessmen or other minority businessmen than any other administration since the office was established. The Office of Small Business, under Mr. Kobelinski, has a very massive program trying to help the black community. The individual who wants to start a business or expand his business as a black businessman is able to borrow, either directly or with guaranteed loans. I believe on the record that this administration has been more responsive and we have carried out the law to the letter, and Im proud of the record."}, {"actor": "Ms. Walters", "dialogue": "Governor Carter, your response, please."}, {"actor": "Mr. Carter", "dialogue": "The uh  description just made of this administrations record is hard to uh  recognize. I think its accurate to say that Mr. Ford voted against the uh  Voting Rights Acts and the uh  Civil Rights Acts in their uh  debative stage I think once it was assured they were going to pass he finally voted for it. This country uh  changed drastically in 1969 when the uh  terms of John Kennedy and Lyndon Johnson were over and Richard Nixon and  and Gerald Ford became the presidents. There was a time when there was hope for those who uh  were poor and downtrodden and who were  uh elderly or who were  uh ill or who were in minority groups, but that time has been gone. I think the greatest thing that ever happened to the South was the passage of the Civil Rights Act and the opening up of opportunities  uh to black people  the chance to vote, to hold a job, to buy a house, to go to school, and to participate in public affairs. It not only liberated  uh black people but it also liberated the whites. Weve seen uh  in many instances in recent years a minority affairs uh  section of uh Small Loan Administration, uh  Small Business Administration lend uh  a black entrepreneur just enough money to get started, and then to go bankrupt. The bankruptcies have gone up  uh in an extraordinary degree. Uh  FHA, which used to be a very responsible agency, uh  that everyone looked to to help own a home, lost six million dollars last year. Thereve been over thirteen hundred indictments in HUD, over eight hundred convictions relating just to home loans. And now the federal government has become the worlds greatest slum landlord. Weve got a 30 percent or 40 percent unemployment rate among minority uh  young people. And theres been no concerted effort given to the needs of those who are both poor and black, or poor and who speak a foreign language. And thats where theres been a great uh generation of despair, and ill health, and the lack of education, lack of purposefulness, and the lack of hope for the future. But it doesnt take just a quiet uh  dormant uh minimum enforcement of the law. It requires an aggressive searching out and reaching out to help people who especially need it. And thats been lacking in the last eight years."}, {"actor": "Ms. Walters", "dialogue": "Mr. Kraft, to Governor Carter."}, {"actor": "Mr. Kraft", "dialogue": "Ah  Governor Carter, ah  in the nearly two-hundred-year history of the Constitution, thereve been only uh  I think its twenty-five amendments, most of them on issues of the very broadest principle. Uh  now we have proposed amendments in many highly specialized causes, like gun control, school busing, balanced budgets, school prayer, abortion, things like that. Do you think its appropriate to the dignity of the Constitution to tack on amendments in wholesale fashion? And which of the ones that I listed  that is, uh  balanced budgets, school busing, school prayer, abortion, gun con- control  which of those would you really work hard to support if you were president?"}, {"actor": "Mr. Carter", "dialogue": "I would not work hard to support any of those. Uh  weve always had, I think, a lot of constitutional amendments proposed, but the passage of them has been uh  fairly slow, and uh  few and far between. In the two-hundred-year history theres been a very uh  cautious approach to this. We  quite often we have a transient problem. I  Im strongly against a- abortion. I think abortions wrong. I dont think the government oughta do anything to encourage abortion. But I dont favor a constitutional amendment on the subject. But short of the constitutional amendment, and within the confines of the Supreme Court rulings, Ill do everything I can to minimize the need for abortions with better sex education, family planning, with better adoptive procedures. I personally dont believe that the federal government oughta finance abortions, but I  I draw the line and dont support a constitutional amendment. However, I honor the right of people who seek the constitutional amendments on school busing, on uh  prayer in the schools and an abortion. But among those you named, I wont actively work for the passage of any of them."}, {"actor": "Ms. Walters", "dialogue": "President Ford, your response, please."}, {"actor": "Mr. Ford", "dialogue": "support the uh  Republican uh  platform, which calls for the constitutional amendment that would uh  outlaw abortions. I favor the particular constitutional amendment that would turn over to the states the uh  individual right to the voters in those states uh  the chance to make a decision by public referendum. Uh I call that the people amendment. I think if you really believe that the people of a state ought to make a decision on a matter of this kind that uh  we ought to have a federal constitutional amendment that would permit each one of the fifty states to make the choice. Uh  I think this is a responsible and a proper way to proceed. Uhh  I believe also that uh  there is some merit to a  an amendment that uh  uh  Senator Everett Dirksen uh  proposed very frequently, an amendment that would uh  change the court decision as far as voluntary prayer in public schools. Uh  it seems to me that there should have  be an opportunity, uh  as long as its voluntary, as long as there is no uh  compulsion whatsoever, that uh  an individual ought to have that right. So in those two cases I think uh  such uh  a constitutional amendment would be proper, and I really dont think in either case theyre trivial matters. I think theyre matters of very deep conviction, as far as many, many people in this country believe. And therefore, they shouldnt be treated lightly. But theyre matters that are ah  important. And in those two cases, I would favor them."}, {"actor": "Ms. Walters", "dialogue": "Mr. Maynard to President Ford."}, {"actor": "Mr. Maynard", "dialogue": "Mr. President, twice you have been the intended victim of would-be assassins using handguns. Yet, you remain a steadfast opponent of substantive handgun control. There are now some forty million handguns in this country, going up at the rate of two point five million a year. And tragically, those handguns are frequently purchased for self-protection and wind up being used against a relative or a friend. In light of that, why do you remain so adamant in your opposition to substantive gun control in this country?"}, {"actor": "Mr. Ford", "dialogue": "Uh  Mr. Maynard, uh  the record of gun control, whether its one city or another or in some states, does not show that the registration of a gun, handgun, or the registration of the gun owner, has in any way whatsoever decreased the crime rate or the use of that gun in the committing of a crime. The record just doesnt prove that such legislation or action by a local city council is effective. What we have to do, and this is the crux of the matter, is to make it very, very uh  difficult for a person who uses a gun in the commission of a crime to stay out of jail. If we make the use of a gun in the commission. of a crime a serious criminal offense, and that person is prosecuted, then, in my opinion, we are going after the person who uses the gun for the wrong reason. I dont believe in the registration of handguns or the registration of the handgun owner. That has not proven to be effective, and therefore, I think the better way is to go after the criminal, the individual who commits a crime in the possession of a gun and uses that gun for a part of his criminal activity. Those are the people who ought to be in jail. And the only way to do it is to pass strong legislation so that once apprehended, indicted, convicted, theyll be in jail and off the streets and not using guns in the commission of a crime."}, {"actor": "Mr. Maynard", "dialogue": "But Mr. President, dont you think that the proliferation of the availability of handguns contributes to the possibility of those crimes being committed. And, theres a second part to my follow-up, very quickly. There are, as you know and as youve said, jurisdictions around the country with strong gun-control laws. The police officials in those cities contend that if there were a national law, to prevent other jurisdictions from providing the weapons that then came into places like New York, that they might have a better handle on the problem. Have you considered that in your analysis of the gu- the handgun proliferation problem?"}, {"actor": "Mr. Ford", "dialogue": "Yes, I have. And uh  the individuals that uh  with whom Ive consulted have not uh  convinced me that uh  a national registration of handguns or handgun owners will solve the problem youre talking about. The person who wants to use a gun for an illegal purpose can get it whether its registered or outlawed. They will be obtained. And they are the people who ought to go behind bars. You should not in the process penalize the legitimate handgun owner. And when you go through the process of registration, you in effect, are penalizing that individual who uses his gun for a very legitimate purpose."}, {"actor": "Ms. Walters", "dialogue": "Governor Carter."}, {"actor": "Mr. Carter", "dialogue": "I  I think its accurate to say that Mr. Fords position on gun control has changed. Uh  earlier, uh  Mr. Levi, his uh  attorney general, put forward a gun control proposal, which Mr. Ford later, I believe, espoused, that called for the prohibition against the uh sale aw- of the uh  so-called Saturday Night Specials. And it wouldve put uh  very strict uh  uh  control over who owned a handgun. I have been a hunter all my life and happen to own both shotguns, rifles, and a handgun. And uh  the only purpose that I would see in registering uh  handguns and not long guns of any kind would be to prohibit the uh  ownership of those guns by those whove used them in the commission of a crime, or who uh  have been proven to be mentally incompetent to own a gun. I believe that limited approach to the  to the question would be uh  advisable, and  and I think, adequate. But thats as far as I would go with it."}, {"actor": "Ms. Walters", "dialogue": "Mr. Nelson to Governor Carter."}, {"actor": "Mr. Nelson", "dialogue": "Uh Governor, youve said the uh  Supreme Court of today is, uh  as you put it, moving back in a proper direction uh  in rulings that have limited the rights of criminal defendants. And youve compared the present Supreme Court under Chief Justice Burger very favorably with the more liberal court that we had under Chief Justice Warren. So exactly what are you getting at, and can you elaborate on the kind of court you think this country should have? And can you tell us the kind of qualifications and philosophy you would look for as president in making Supreme Court appointments?"}, {"actor": "Mr. Carter", "dialogue": "While I was governor of Georgia, although Im not a lawyer, we had complete reform of the Georgia court system. We uh  streamlined the structure of the court, put in administrative officers, put a unified court system in, required that all uh  severe sentences be reviewed far uniformity. And, in addition to that put forward a proposal that was adopted and used throughout my own term of office of selection of  for all judges and district attorneys or prosecuting attorneys, on the basis of merit. Every time I had a vacancy on the Georgia Supreme Court  and I filled five of those vacancies out of seven total and about half the court of appeals judges, about 35 percent of the trial judges  I was given from an objective panel the five most highly qualified persons in Georgia. And from those five, I always chose the first one or second one. So merit selection of judges is the most important single criterion. And I would institute the same kind of procedure as president, not only in judicial appointments, but also in diplomatic appointments. Secondly, I think that the Burger Court has fairly well confirmed the major and  and most far-reaching and most controversial decisions of the Warren Court. Civil rights  uh has been confirmed by the Burger Court, hasnt been uh  reversed, and I dont think theres any inclination to reverse those basic decisions. The one-man, one-vote rule, which is a very important one that uh  s- struck down the unwarranted influence in the legislature of parsley  uh populated areas of  of the states. The uh  right of indigent or very poor accused persons to uh  legal counsel. Uh  I think the Burger Court has confirmed that basic and very controversial decision of the Warren Court. Also the  the protection of an arrested person against unwarranted persecution in trying to get a false uh  confession. But now I think there have been a couple of instances where the Burger Court has made technical rulings where an obviously guilty person was later found to be guilty. And I think that in that case uh  some of the more liberal uh  members of the uh  so-called Warren Court agreed with those decisions. But the only uh  thing I uh  have pointed out was, what Ive just said, and that there was a need to clarify the technicalities so that you couldnt be forced to release a person who was obviously guilty just because of a  of a small technicality in the law. And  and thats a reversal of position uh by the Burger Court with which I do agree."}, {"actor": "Mr. Nelson", "dialogue": "Governor, I dont believe you ans- you answered my question though about the kinds of uh people you would be looking for the court, the type of philosophy uh  you would be looking for if you were making appointments to the Supreme Court as president."}, {"actor": "Mr. Carter", "dialogue": "Okay, I thought I answered it by saying that it would be on the basis of merit. Once the uh  search and analysis procedure had been completed, and once Im given a list of the five or seven or ten uh  best qualified persons in the country, I would make a selection from among those uh  persons. If the uh  list was, uh  in my opinion, fairly uniform, if there was no outstanding person, then I would undoubtedly choose someone who would most accurately reflect my own basic politi- political philosophy as best I could determine it. Which would be uh  to continue the progress that has been made under the last two uh  courts  the Warren Court and the Burger Court. I would also like to uh  completely revise our criminal justice system  to do some of the things at the federal level in court reform that Ive just described, as has been done in Georgia and other states. And then I would like to appoint people who would be interested in helping with that. I know that uh Chief Justice Burger is. He hasnt had help from the administration, from the Congress, to carry this out. The uh  emphasis, I think, of the  of the court system uh  should be to interpret the uh  the Constitution and the laws uh  equally between property protection and personal protection. But when theres uh  a very narrow decision  which quite often theres one that reaches the Supreme Court  I think the choice should be with human rights. And uh  that would be another factor that I would follow."}, {"actor": "Ms. Walters", "dialogue": "President Ford."}, {"actor": "Mr. Ford", "dialogue": "Well, I think the answer uh  as to the kind of person that I would select uh  is obvious. I had one opportunity to nominate uh  an individual to the Supreme Court and I selected the Circuit Court of Appeals judge from Illinois, uh  John Paul Stevens. I selected him because of his outstanding record as a Circuit Court of Appeals Judge, and I was very pleased that uh  an overwhelming Democratic United States Senate, after going into his background, came to the conclusion that he was uh  fit and should serve, and the vote in his behalf was overwhelming. So, I would say somebody in the format of uh  Justice Stevens would be the kind of an individual that I would uh  select in the future, as I did him in the past. I uh  believe, however, a comment ought to be made about the direction of the uh  Burger Court, vis-a-vis the uh  court uh  that preceded it. It seems to me that the Miranda case was a case that really made it very, very difficult for the  uh police, the law enforcement people in this country to uh  do what they could to make certain that the victim of a crime was protected and that those that commit crimes uh  were properly handled and uh  sent to jail. The Miranda case, uh  the Burger Court uh  is gradually changing, and Im pleased to see that there are some steps being made by the uh  Burger Court to modify the so-called Miranda decision. Uh  I might make a correction uh  of what uh  Governor Carter said, uh speaking of uh  uh  gun control, uh  yes, it is true, I believe that the sale of uh  Saturday Night S- Specials should be cut out, but he wants the registration of handguns."}, {"actor": "Ms. Walters", "dialogue": "Mr. Kraft."}, {"actor": "Mr. Kraft", "dialogue": "Uh  Mr. President, uh  the country is now uh  in uh  in something that your uh  advisors call an economic pause. I think to most Americans that sounds like a  a antiseptic term for uh  low growth, uh  unemployment standstill at a high, high level, uhh  decline in take-home pay, uh  lower factory earnings, more layoffs. Uh, isnt that a really rotten record and doesnt your administration bear most of the blame for it?"}, {"actor": "Mr. Ford", "dialogue": "Well, Mr. Kraft, uh  I violently disagree with your assessment. And I dont think the record justifies the conclusion that you come to. Uh  let me uh  talk about uh  the economic announcements that were made just this past week. Yes, it was announced that the uh  GNP real growth in the third quarter was at 4 percent. But do you realize that over the last ten years thats a higher figure than the average growth during that ten-year period? Now its lower than the nine-point-point-two percent growth in the first quarter, and its lower than the uh 5 percent growth in the second quarter. But every economist  liberal, conservative that Im familiar with  recognizes that in the fourth quarter of this year and in the fifth quar- uh  the first quarter of next year that well have an increase in real GNP. But now lets talk about the pluses that came out this week. We had an 18 percent increase in housing starts. We had a substantial increase in new permits for housing. As a matter of fact, based on the announcement this week, there will be at an annual rate of a million, eight hundred and some thousand new houses built, which is a tremendous increase over last year and a substantial increase over the earlier part of this year. Now in addition, we had a very  some very good news in the reduction in the rate of inflation. And inflation hits everybody: those who are working and those who are on welfare. The rate of inflation, as announced just the other day, is under 5 percent; and the uh  4.4 percent that was indicated at the time of the 4 percent GNP was less than the 5.4 percent. It means that the American buyer is getting a better bargain today because inflation is less."}, {"actor": "Mr. Kraft", "dialogue": "Mr. President, let me ask you this. Uh  there has been an increase in layoffs and thats something that bothers everybody because even people that have a job are afraid that theyre going to be fired. Did you predict that layoff, uh  that increase in layoffs? Didnt that take you by surprise? Hasnt the gov- hasnt your administration been surprised by this pause? Uh  in fact, havent you not  havent you been so obsessed with saving money uh  that you didnt even push the government to spend funds that were allocated? MR. FORD; Uh Mr. Kraft, uh  I think the record can be put in this uh  in this way, which uh  is the way that I think satisfies most Americans. Since the depths of the recession, we have added four million jobs. Im- most importantly, consumer confidence as surveyed by the reputable organization at the University of Michigan is at the highest since 1972. In other words, there is a growing public confidence in the strength of this economy. And that means that there will be more industrial activity. It means that there will be a reduction in the uhh  unemployment. It means that there will be increased hires. It means that there will be increased employment. Now weve had this pause, but most economists, regardless of their political philosophy, uh  indicate that this pause for a month or two was healthy, because we could not have honestly sustained a 9.2 percent rate of growth which we had in the first quarter of this year. Now, uh  Id like to point out as well that the United States economic recovery from the recession of a year ago is well ahead of the economic recovery of any major free industrial nation in the world today. Were ahead of all of the Western European country. Were ahead of Japan. The United States is leading the free world out of the recession that was serious a year, year and a half ago. Were going to see unemployment going down, more jobs available, and the rate of inflation going down. And I think this is a record that uh  the American people understand and will appreciate."}, {"actor": "Ms. Walters", "dialogue": "Governor Carter."}, {"actor": "Mr. Carter", "dialogue": "With all due respect to President Ford, I think he ought to be ashamed of mentioning that statement, because we have the highest unemployment rate now than we had at any time between the Great Depression caused by Herbert Hoover and the time President Ford took office. Weve got seven and a half million people out of jobs. Since hes been in office, two and a half million more American people have lost their jobs. In the last four months alone, five hundred thousand Americans have gone on the unemployment roll. In the last month, weve had a net loss of one hundred and sixty-three thousand jobs. Anybody who says that the inflation rate is in good shape now ought to talk to the housewives. One of the overwhelming results that Ive seen in the polls is that people feel that you cant plan anymore. Theres no way to make a prediction that my family might be able to own a home or to put my kid through college. Savings accounts are losing money instead of gaining money. Inflation is robbing us. Under the present administration  Nixons and Fords  weve had three times the inflation rate that we experienced under President Johnson and President Kennedy. The economic growth is less than half today what it was at the beginning of this year. And housing starts  he compares the housing starts with last year. I dont blame him, because in 1975 we had fewer housing starts in this country, fewer homes built, than any year since 1940. Thats thirty-five years. And weve got a 35 percent unemployment rate in many areas of this country among construction workers. And Mr. Ford hasnt done anything about it. And I think this shows a callous indifference to the families that have suffered so much. He has vetoed bills passed by Congress within the congressional budget guidelines job opportunities for two million Americans. Well never have a balanced budget, well never meet the needs of our people, well never control the inflationary spiral, as long as we have seven and a half or eight million people out of work, who are looking for jobs. And weve probably got two and a half more million people who are not looking for jobs any more, because theyve given up hope. That is a very serious indictment of this administration. Its probably the worst one of all."}, {"actor": "Ms. Walters", "dialogue": "Mr. Maynard."}, {"actor": "Mr. Maynard", "dialogue": "Governor Carter, you entered this race against President Ford with a twenty-point lead or better in the polls. And now it appears that this campaign is headed for a photo finish. Youve said how difficult it is to run against a sitting president. But Mr. Ford was just as much an incumbent in July when you were twenty points ahead as he is now. Can you tell us what caused the evaporation of that lead in your opinion?"}, {"actor": "Mr. Carter", "dialogue": "Well, thats not exactly an accurate description of what happened. When I was that far ahead, it was immediately following the Democratic Convention, and before the Republican Convention. At that time, uh  25 or 30 percent of the Reagan supporters said that they would not support President Ford. But as occurred at the end of the con- Democratic Convention, the Republican Party unified itself. And I think immediately following the Republican Convention, there was about a ten-point spread. I believe that to be accurate, I had 49 percent; President Ford, 39 percent. Uh  the polls uh  are good indications of fluctuations, but they vary widely one from another. And the only poll Ive ever followed is the one that uh  you know, is taken on election day. I was in uh  thirty primaries in the spring, and uh  at first it was obvious that I didnt have any standing in the poll. As a matter of fact, I think when Gallup ran their first poll in December of 1975 they didnt put my name on the list. They had thirty-five people on the list. My name wasnt even there. And at the beginning of the year I had about 2 percent. So the polls to me are interesting, but they dont determine, you know, my hopes or  or my despair. I campaign among people. Ive never depended on powerful political figures to put me in office. I have a direct relationship with hundreds of people around  hundreds of thousands around the country who actively campaign for me. In Georgia alone, for instance, I got 84 percent of the vote, and I think there were fourteen people uh  in addition to myself on the ballot, and Governor Wallace had been very strong in Georgia. Thats an overwhelming support from my own people who know me best. And today, we have about five hundred Georgians at their own expense  just working people who believe in me  spread around the country uh  involved in the political campaign. So, the polls are interesting, but uh  I dont know how to explain the fluctuation. I think a lot of it uh  depends on current events  uh  sometimes foreign affairs, sometimes domestic affairs. But I think our hold uh  of support among those who uh  are crucial to the election has been fairly steady. And my success in the primary season was, I think, notable for a newcomer, from someone whos from outside Washington, who  who never has been a part of the Washington establishment. And I think that well have good results uh  on November the second for myself and I hope for the country."}, {"actor": "Ms. Walters", "dialogue": "President Ford, your response."}, {"actor": "Mr. Ford", "dialogue": "I think uh  the uh  increase and the uh  prospects as far as Im concerned and the I  less favorable prospects for Governor Carter, reflect that Governor Carter uh  is inconsistent in many of the positions that he takes. He tends to distort on a number of occasions. Uh  just a moment ago, for example, uh  he uh  was indicating that uh  uh  in the 1950s, for example, uh  unemployment was very low. He fails to point out that uh  in the 1950s we were engaged in the war in Vietnam. We  I mean in Korea  we had uh  three million five hundred thousand young men uh  in the Army, Navy, Air Force and Marines. Thats not the way to end unemployment or to reduce unemployment. At the present time were at peace. We have reduced the number of people in the Army, Navy, Air Force and Marines from three million, one hundred  three million, five hundred thousand to two mil- lion one hundred thousand. We are not at war. We have reduced the military manpower by a million four hundred thousand. If we had that many more people in the Army, the Navy, the Air Force, and Marines, our unemployment figure would be considerably less. But this administration doesnt believe the way to reduce unemployment is to go to war, or to increase the number of people in the military. So you cannot compare unemployment, as you sought to, uh  with the present time with the 1950s, because the then administration had people in the military  they were at war, they were fighting overseas, and this administration has reduced the size of the military by a million four hundred thousand. Theyre in the civilian labor market and theyre not fighting anywhere around the world today."}, {"actor": "Ms. Walters", "dialogue": "Thank you, gentlemen. This will complete our questioning for this debate. We dont have uh  time for more questions and uh  full answers. So now each candidate will be allowed up to four minutes for a closing statement. And at the original coin toss in Philadelphia a month ago it was determined that President Ford would make the first closing statement tonight. President Ford."}, {"actor": "Mr. Ford", "dialogue": "For twenty-five years I served in the Congress under five presidents. I saw them work, I saw them make very hard decisions. I didnt always agree with their decisions, whether they were Democratic or Republican presidents. For the last two years, Ive been the president, and I have found from experience that its much more difficult to make those decisions than it is to second-guess them. I became president at the time that the United States was in a very troubled time. We had inflation of over 12 percent, we were on the brink of the worst recession in the last forty years, we were still deeply involved in the problems of Vietnam. The American people had lost faith and trust and confidence in the presidency itself. That uh  situation called for me to first put the United States on a steady course and to keep our keel well balanced, because we had to face the difficult problems that had all of a sudden hit America. I think most people know that I did not seek the presidency. But I am asking for your help and assistance to be president for the next four years. During this campaign weve seen a lot of television shows, a lot of bumper stickers, and a great many uh  slogans of one kind or another. But those are not the things that count. What counts is, that the United States celebrated its 200th birthday on July fourth. As a result of that wonderful experience all over the United States, there is a new spirit in America. The American people are healed, are working together. The American people are moving again, and moving in the right direction. We have cut inflation by better than half. We have came out of the recession and were well on the road to real prosperity in this country again. There has been a restoration of faith and confidence and trust in the presidency because Ive been open, candid and forthright. I have never promised more than I could produce and I have produced everything that I promised. We are at peace. Not a single young American is fighting or dying on any foreign soil tonight. We have peace with freedom. Ive been proud to be president of the United States during these very troubled times. I love America just as all of you love America. It would be the highest honor for me to have your support on November second and for you to say, Jerry Ford, youve done a good job, keep on doing it. Thank you, and good night."}, {"actor": "Ms. Walters", "dialogue": "Thank you President Ford. Governor Carter."}, {"actor": "Mr. Carter", "dialogue": "Thank you Barbara (barely audible). The major purpose of an election for president is to choose a leader. Someone who can analyze the depths of feeling in our country to set a standard for our people to follow, to inspire our people to reach for greatness, to correct our defects, to answer difficult questions, to bind ourselves together in a spirit of unity. I dont believe the present administration has done that. We have been discouraged and weve been alienated. Sometimes weve been embarrassed and sometimes weve been ashamed. Our people are out of work, and theres a sense of withdrawal. But our country is innately very strong. Mr. Ford is a good and decent man, but hes in  been in office now more than eight hundred days approaching almost as long as John Kennedy was in office. Id like to ask the American people what, whats been accomplished. A lot remains to be done. My own background is different from his. I was a school board member, and a library board member. I served an a hospital authority. And I was in the state senate and I was governor and Im an engineer, a Naval officer, a farmer, a businessman. And I believe we require someone who can work harmoniously with the Congress, who can work closely with the people of this country, and who can bring a new image and a new spirit to Washington. Our tax structure is a disgrace, it needs to be reformed. I was Governor of Georgia for four years. We never increased sales taxes or income tax or property tax. As a matter of fact, the year before I went out of office we gave a $50 million refund to the property taxpayers of Georgia. We spend six hundred dollars per person in this country  every man, woman and child  for health care. We still rank fifteenth among all the nations of the world in infant mortality. And our cancer rate is uh  higher than any country in the world. We dont have good health care. We could have it. Employment ought to be restored to our people. Weve become almost a welfare state. We spend now 700 percent more on unemployment compensation than we did eight years ago when the Republicans took over the White House. Our people wanna go back to work. Our education system can be improved. Secrecy ought to be stripped away from government and a maximum of personal privacy ought to be maintained. Our housing programs have uh  gone bad. It used to be that the average  uh family could own a house. But now less than a third of our people can afford to buy their own homes. The budget was more grossly out of balance last year than ever before in the history of our country  $65 billion  primarily because our people are not at work. Inflation is robbing us, as weve already discussed, and the government bureaucracy is uh  just a horrible mess. This doesnt have to be. Now I dont know all the answers. Nobody could. But I do know that if the president of the United States and the Congress of the United States and the people of the United States said, I believe our nation is greater than what we are now. I believe that if we are inspired, if we can achieve a degree of unity, if we can set our goals high enough and work toward recognized goals with industry and labor and agriculture along with government at all levels, then we can achieve great things. We might have to do it slowly. There are no magic answers to do it. But I believe together we can make great progress. We can correct our difficult mistakes and answer those very tough questions. I believe in the greatness of our country, and I believe the American people are ready for a change in Washington. Weve been drifting too long. Weve been dormant too long. Weve been discouraged too long. And we have not set an example for our own people. But I believe that we can now establish in the White House a good relationship with Congress, a good relationship with our people, set very high goals for our country. And with inspiration and hard work we can achieve great things. And let the world know  thats very important. But more importantly, let the people in our own country realize that we still live in the greatest nation on earth. Thank you very much."}, {"actor": "Ms. Walters", "dialogue": "Thank you, Governor Carter, and thank you, President Ford. I also would like to thank the audience and my three colleagues  Mr. Kraft, Mr. Maynard and Mr. Nelson  who have been our questioners. This debate has, of course, been seen by millions of Americans and, in addition, tonight is being broadcast to one hundred and thirteen nations throughout the world. This concludes the 1976 presidential debates, a truly remarkable exercise in democracy, for this is the first time in sixteen years that the presidential candidates have debated. It is the first time ever that an incumbent president has debated his challenger. And the debate included the first between the two vice presidential candidates. President Ford and Governor Carter, we not only want to thank you, but we commend you for agreeing to come together to discuss the issues before the American people. And our special thanks to the League of Women Voters for making these events possible. In sponsoring these events, the League of Women Voters Education Fund has tried to provide you with the information that you will need to choose wisely. The election is now only eleven days off. The candidates have participated in presenting their views in three ninety-minute debates, and now its up to the voters, now it is up to you, to participate. The League urges all registered voters to vote on November second for the candidate of your choice. And now, from Phi Beta Kappa Memorial Hall an the campus of the College of William and Mary, this is Barbara Walters wishing you all a good evening."}], "date": ["October", "22", "1976"]}