{"content": [{"actor": "Moderator", "dialogue": "Good evening from the Field House at Washington University in St. Louis. Im Jim Lehrer of the NewsHour on PBS. And I welcome you to this third and final Campaign 2000 debate between the Democratic candidate for president, Vice President Al Gore, and the Republican candidate, Governor George W. Bush of Texas. Lets welcome the candidates now. Before proceeding tonight we would like to observe a moment of silence in memory of Governor Mel Carnahan of Missouri, who along with his son and his former chief of staff, died in a private plane crash last night near St. Louis. A reminder, as we continue now, that these debates are sponsored by the Commission on Presidential Debates. The formats and the rules were worked out by the commission and the two campaigns. Tonights questions will be asked by St. Louis area voters who were identified as being uncommitted by the Gallup organization. Earlier today each of them wrote a question on a small card like this. Those cards were collected and then given to me this afternoon. My job, under the rules of the evening, was to decide the order the questions will be asked and to call on the questioners accordingly. I also have the option of asking follow-ups which  in order to get to more of the panels questions. For the record, I plan to do sparingly and mostly for clarifications. The audience participants are bound by the following rule. They shall not ask follow-up questions or otherwise participate in the extended discussion. And the questioners microphone will be turned off after he or she completes asking the question. Those are the rules. As in Winston-Salem last week, no single answer or response from a candidate can exceed two minutes. There is an audience here in the hall and they have promised to remain absolutely quiet, as did their predecessors this year in Boston, Danville, and Winston-Salem. Before we begin, a correction from last weeks debate. I was wrong when I said Vice President Gores campaign commercials had called Governor Bush a bumbler. That specific charge was made in a press statement by Gore campaign spokesman Mark Fabiani, not in a TV Guide."}, {"actor": "descriptor", "dialogue": "[Applause]"}, {"actor": "Gore", "dialogue": "Im glad you clarified that."}, {"actor": "Moderator", "dialogue": "Now, lets go to the first question. Of over the 130 questions we received from this panel, we will begin with one of the 19 on health issues, and it goes to you, Mr. Vice President, and it will be asked by James Hankins. Mr. Hankins?"}, {"actor": "Gore", "dialogue": "Mr. Hankins, I dont feel good about it, and I think we ought to have a patients bill of rights to take the medical decisions away from the HMOs and give them back to the doctors and nurses. I want to come back and tell you why, but if you will forgive me, I would like to say something right now at the beginning of this debate following on the moment of silence for Mel Carnahan and Randy Carnahan and Chris Sifford. Tipper and I were good friends with Mel and Randy, and I know that all of us here want to extend our sympathy and condolences to Jean and the family and to the Sifford family. And I would just like to say that this debate in a way is a living tribute to Mel Carnahan because he loved the vigorous discussion of ideas in our democracy. He was a fantastic governor of Missouri. This state became one of the top five in the nation for health care coverage for children under his leadership. One of the best in advancing all kinds of benefits for children to grow up healthy and strong. And of course, this debate also takes place at a time when the tragedy of the USS Cole is on our minds and hearts and insofar as the memorial service is tomorrow, I would like to also extend sympathy to the families of those who have died and those who are still missing, and the injured. Now, Mr. Hankins, I think that the situation that you describe has gotten completely out of hand. Doctors are giving prescriptions, theyre recommending treatments, and then their recommendations are being overruled by HMOs and insurance companies. That is unacceptable. I support a strong national patients bill of rights. It is actually a disagreement between us, a national law that is pending on this, the Dingle-Norwood bill, a bipartisan bill, is one that I support and that the governor does not."}, {"actor": "Moderator", "dialogue": "Two minutes response, Governor Bush."}, {"actor": "Bush", "dialogue": "I, too, want to extend my prayers and blessings, Gods blessings on the families whose lives were overturned yes  tod  last night. Its a tragic moment. Actually, Mr. Vice President, its not true. I do support a national patients bill of rights. As a matter of fact, I brought Republicans and Democrats together to do just that in the State of Texas to get a patients bill of rights through. It requires a different kind of leadership style to do it, though. You see, in order to get something done on behalf of the people, you have to put partisanship aside, and thats what we did in my state. We have one of the most advanced patients bill of rights. It says, for example, that a woman doesnt have to go through a gate keeper to go to her gynecologist. It says that you cant gag a doctor, doctor can advise you. The HMO, the insurance company, cant gag that doctor from giving you full advice. And this particular bill, it allows patients to choose a doctor, their own doctor if they want to. But we did something else that was interesting. Were one of the first states that said you can sue an HMO for denying you proper coverage. Now theres whats called an Independent Review Organization that you have to go through first. It says if youve got a complaint with your insurance company, you can take your complaint to an objective body. If the objective body rules on your behalf, the insurance company must follow those rules. However, if the insurance company doesnt follow the findings of the IRO, then that becomes a cause of action in a court of law. Its time for our nation to come together and do whats right for the people, and I think this is right for the people. You know, I support a national patients bill of rights, Mr. Vice President, and I want all people covered. I dont want the law to supersede good law like weve got in Texas. I think"}, {"actor": "Moderator", "dialogue": "Governor, time is up, sir."}, {"actor": "Gore", "dialogue": "Jim, we have a direct disagreement on this."}, {"actor": "Moderator", "dialogue": "Just a minute, Mr. Vice President. I want to  the way the rules go here now, two minutes, two minutes, and then Ill decide whether we go on. Okay. So what I want to make sure is we understand here is before we go on to another question in the health area, would you agree that you two agree on a national patients bill of rights?"}, {"actor": "Gore", "dialogue": "Absolutely not. I referred to the Dingle-Norwood bill. It is the bipartisan bill that is now pending in the Congress. The HMOs and the insurance companies support the other bill thats pending, the one that the Republican majority has put forward. They like it because it doesnt accomplish what I think really needs to be accomplished to give the decisions back to the doctors and nurses and give you a right of appeal to somebody other than the HMO or insurance company, let you go to the nearest emergency room without having to call an HMO before you call 911, to let you see a specialist if you need to, and it has strong bipartisan support. It is being blocked by the Republican leadership in the Congress."}, {"actor": "Moderator", "dialogue": "Sir."}, {"actor": "Gore", "dialogue": "And I specifically would like to know whether Governor Bush will support the Dingle-Norwood bill, which is the main one pending."}, {"actor": "Moderator", "dialogue": "Governor Bush, you may answer that if youd like. But also Id like to know how you see the differences between the two of you, and we need to move on."}, {"actor": "Bush", "dialogue": "Well, the difference is is that I can get it done. That I can get something positive done on behalf of the people. Thats what the question in this campaign is about. Its not only whats your philosophy and whats your position on issues, but can you get things done? And I believe I can."}, {"actor": "Gore", "dialogue": "What about the Dingle-Norwood bill?"}, {"actor": "Moderator", "dialogue": "All right. Were going to go now to another  all right. Yes."}, {"actor": "Bush", "dialogue": "Im not quite through. Let me finish. I talked about the principles and the issues that I think are important in a patients bill of rights. Its kind of Washington, D.C. focus. Well, its in this committee or its got this sponsor. If Im the president, were going to have emergency room care, were going have gag orders, were going to have direct access to OB/GYN. People will be able to take their HMO insurance company to court. Thats what Ive done in Texas and thats the kind of leadership style Ill bring to Washington."}, {"actor": "Moderator", "dialogue": "All right. Another  the next question also on health issue is from  it will be asked by Marie Payne Kloepy, and it goes to Governor Bush."}, {"actor": "Bush", "dialogue": "Well, thats a great question. I think one of the problems we have, particularly for seniors, is there is no prescription drug coverage in Medicare. And therefore, when they have to try to purchase drugs they do so on their own, theres no kind of collective bargaining, no power of purchasing among seniors. So I think step one to make sure prescription drugs is more affordable for seniors, and those are the folks who really rely upon prescription drugs a lot these days, is to reform the Medicare system, is to have prescription drugs as an integral part of Medicare once and for all. The problem we have today is like the patients bill of rights, particularly with health care, theres a lot of bickering in Washington, D.C. Its kind of like a political issue as opposed to a people issue. So what I want to do is I want to call upon Republicans and Democrats to forget all the arguing and finger pointing, and come together and take care of our seniors prescription drug program, that says well pay for the poor seniors, well help all seniors with prescription drugs. In the meantime, I think its important to have whats called Immediate Helping Hand, which is direct money to states so that seniors, poor seniors, dont have to choose between food and medicine. Thats part of an overall overhaul. The purchasing powers. And Im against price controls. I think price controls would hurt our ability to continue important research and development. Drug therapies are replacing a lot of medicines as we used to know it. One of the most important things is to continue the research and development component. And so Im against price controls. Expediting drugs through the FDA makes sense, of course. Allowing the new bill that was passed in the Congress made sense to allow for, you know, drugs that were sold overseas to come back and other countries to come back into the United States. That makes sense. But the best thing to do is to reform Medicare."}, {"actor": "Moderator", "dialogue": "Vice President Gore, two minutes."}, {"actor": "Gore", "dialogue": "All right, here we go again. Now look, if you want someone who will spend a lot of words describing a whole convoluted process and then end up supporting legislation that is supported by the big drug companies, this is your man. If you want someone who will fight for you and who will fight for the middle-class families and working men and women, who are sick and tired of having their parents and grandparents pay higher prices for prescription drugs than anybody else, then I want to fight for you. And you asked a great question because its not only seniors. Listen, for 24 years I have never been afraid to take on the big drug companies. They do some great things. They discover great new cures and thats great. We want them to continue that. But they are now spending more money on advertising and promotion. You see all these ads? Than they are on research and development. And they are trying artificially extend the monopoly patent protection so they can keep charging these very high prices. I want to streamline the approval of the competing generic drugs and the new kinds of treatments that can compete with them so we bring the price down for everybody. Now, briefly, let me tell you how my prescription drug plan works. The governor talked about Medicare. I propose a real prescription drug benefit under Medicare for all seniors, all seniors, and heres how it works. You pick your own doctor, and nobody can take that away from you. The doctor chooses the prescription that you need and nobody can overrule your doctor. You go to your own pharmacy and then Medicare pays half the price. If youre poor, they pay all of it. If you have extraordinarily high cost, then they pay all over $4,000 out-of-pocket. And Ill bring new competition to bring the price down. And if you pass the big drug companies bill, nothing will happen."}, {"actor": "Moderator", "dialogue": "All right. Another health question, it comes from Vickie French, and its for you, Vice President Gore. Vickie French, where are you? Oh, there she is."}, {"actor": "Gore", "dialogue": "I think that we should move step-by-step toward universal health coverage, but I am not in favor of government doing it all. Weve spent 65 years now on the development of a hybrid system, partly private, partly public, and 85% of our people have health insurance, 15% dont. That adds up to 44 million people. That is a national outrage. We have got to get health coverage for those who do not have it and weve got to improve the quality for those who do with a patients bill of rights thats real and that works, the Dingle-Norwood bill, and we have got to fill in the gaps in coverage by finally bringing parity for the treatment of mental illness, because thats been left out. We have got to deal with long-term care. Now, here are the steps that I would take, first of all. I will make a commitment to bring health care coverage of high quality that is affordable to every single child in America within four years. And then well fill other gaps by covering the parents of those children when the family is poor or up to two and a half times the poverty rate. I want to give a tax credit for the purchase of individual health insurance plans. I want to give small business employers a tax credit, 25%, to encourage the providing of health insurance for the employees in small businesses. I want to give seniors who are, well, the near elderly, I dont like that term because I am just about in that category, but those 55 to 65 ought to be able to buy into Medicare for premiums that are reasonable and fair and significantly below what they have to get now. Now, we have a big difference on this. And you need to know the record here. Under Governor Bush, Texas has sunk to be 50th out of 50 in health care  in health insurance for their citizens. Last week he said that they were spending 3.7 billion dollars, or 4.7 billion dollars on this."}, {"actor": "Moderator", "dialogue": "Mr. Vice president."}, {"actor": "Gore", "dialogue": "Okay."}, {"actor": "Moderator", "dialogue": "Time is up. Governor Bush, two minutes."}, {"actor": "Bush", "dialogue": "Im absolutely opposed to a national health care plan. I dont want the federal government making decisions for consumers or for providers. I remember what the administration tried to do in 1993. They tried to have a national health care plan. And fortunately, it failed. I trust people, I dont trust the federal government. Its going to be one of the themes you hear tonight. I dont want the federal government making decisions on behalf of everybody. There is an issue with the uninsured, there sure is. And we have uninsured people in my state. Ours is a big state, a fast-growing state. We share a common border with another nation. But were providing health care for our people. One thing about insurance, thats a Washington term. The question is, are people getting health care, and we have a strong safety net, and there needs to be a safety net in America. There needs to be more community health clinics where the poor can go get health care. We need a program for the uninsured. Theyve been talking about it in Washington, D.C. The number of uninsured has now gone up for the past seven years. We need a $2,000 credit, rebate for people, working people that dont have insurance, they can get in the marketplace and start purchasing insurance. We need to have  allow small businesses to write insurance across jurisdictional lines so small business can afford health care, small restaurants can afford health care. So health care needs to be affordable and available. We have to trust people to make decisions with their lives. In the Medicare reform I talk about it says if you are a senior, you can stay in Medicare if you like it, and thats fine, but were going to give you other choices to choose if you want to do so, just like they do the federal employees. The people that work in Washington, D.C. for the U.S. Congress or the United States senate. Get a variety of choices to make in their lives. And thats what we ought to do for all people in America."}, {"actor": "Moderator", "dialogue": "Yes, sir, sorry."}, {"actor": "Gore", "dialogue": "Follow-up?"}, {"actor": "Bush", "dialogue": "Trying to find my light."}, {"actor": "Moderator", "dialogue": "Not right now. Education. These folks submitted 18 questions on education, and the first one is that will be asked on education will go to you, Governor, and asked by Angie Pettig. Angie Pettig, where are you? There she is, Governor, right there."}, {"actor": "Bush", "dialogue": "Well, you know, its hard to make people love one another. I wish I knew the law because I would darn sure sign it. I wish I knew the law that said all of us would be good parents. One of the things the next president must do is to remind people that if we are going to have a responsible period in America, that each of us must love our children with all our heart and all our soul. I happened to believe strong accountability encourages parental involvement, though. I think when you measure and post results on the Internet or in the town newspapers, most parents say wait a minute, my childs school isnt doing what I want it to do and, therefore, become involved in education. I recognize there are some who just dont seem to care. But there are a lot of parents who feel like everything is going well in their childs school, and all of a sudden they wake up and realize that wait a minute, standards arent being met. Thats why Im so strong for accountability. I believe we ought to measure a lot, three, four, five, six, seven, eighth grade. We do so in my state of Texas. One of the good things weve gone in Texas is we have strong accountability because you cant cure unless you know. You cant solve a problem unless you diagnose it. I strongly believe that one of the best things to encourage parental involvement also is to know that the classrooms will be safe and secure. Thats why I support a teacher liability act at the federal level, that says if a teacher or principal upholds reasonable standards of classroom discipline they cant be sued. They cant be sued. I think parents will be more involved with education when they know their childrens classrooms are safe and secure as well. I also believe that we need to say to people that if you cannot meet standards, there has to be a consequence. Instead of just comes the soft bigotry of low expectations, that there has to be a consequence. We cant continue to shuffle children through school. And one of the consequences to allow parents to have different choices."}, {"actor": "Moderator", "dialogue": "Governor. Vice president Gore."}, {"actor": "Gore", "dialogue": "We have huge difference between us on this question. Id like to start by telling you what my vision is. I see a day in the United States of America where all of our public schools are considered excellent, world class. Where there are no failing schools, where the classrooms are small enough in size, number of students, so that the teacher can spend enough one-on-one time with each student. Now that means recruiting new teachers for the public schools. It means in my plan hiring bonuses to get 100,000 new teachers in the public schools within the next four years. It means also helping local school districts that sometimes find the parents of school age children outvoted on bond issues, to give them some help with interest-free bonding authority so that we can build new schools and modernize the classrooms. We need to give teachers the training and professional development that they need, including a paid time off to go visit the classroom of a master teacher to pick up some new skills. I want to give every middle-class family a $10,000 a year tax deduction for college tuition so that middle-class families will always be able to send their kids on to college. I want to work for universal free school because we know from all the studies that the youngsters learn, kids learn more in the first few years of life than any where else. Now, I said there was a contrast. Governor Bush is for vouchers, and in his plan he proposes to drain more money, more taxpayer money out of the public schools for private school vouchers than all of the money that he proposes in his entire budget for public schools themselves. And only one in 20 students would be eligible for these vouchers, and they wouldnt even pay the full tuition to private school. I think thats a mistake. I dont think we should give up on the private schools and leave kids trapped in failing schools. I think we  I think we should make it the number one priority to make our schools the best in the world, all of them."}, {"actor": "Moderator", "dialogue": "Governor, what is your position on that?"}, {"actor": "Bush", "dialogue": "Yeah, I appreciate that. I think any time we end with one of these attacks, its appropriate to respond. Heres what I think. First of all, vouchers are up to states. If you want to do a voucher program in Missouri, fine. I strongly believe in local control of schools. Im a governor of state and I dont like it when the federal government tells us what to do. I believe in local control of schools. But heres what I said. Ive said to the extent we spend federal money on disadvantaged children, we want the schools to show us whether or not the children are learning. Whats unreasonable about that? We expect there to be standards met and we expect there to be measurement. And if we find success well praise it. But when we find children trapped in schools that will not change and will not teach, instead of saying oh, this is okay in America just to shuffle poor kids through schools, there has to be a consequence. And the consequence is that federal portion or federal money will go to the parent, so the parent can go to a tutoring program or another public school or another private school. You see, there has to be a consequence. Weve got a society that says hey, the status quo is fine, just move them through. And guess who suffers."}, {"actor": "Moderator", "dialogue": "Whats the harm on that, whats the other side on that?"}, {"actor": "Gore", "dialogue": "Well, the program that hes proposing is not the one that he just described. Described under your plan, Governor Bush, states would be required to pay vouchers to students to match the vouchers so that the federal government would put up. Now, youre  and the way it would happen is that under his plan, if a school was designated as failing, the kids would be trapped there for another three years and then some of them would get federal vouchers and the state would be forced to match those, that money. Under my plan, if a school is failing, we work with the states to give them the authority and the resources to close down that school and reopen it right away with a new principal, a new faculty, a turn-around team of specialists who know what theyre doing. Its based on the plan of Governor Jim Hunt in North Carolina, and it works great."}, {"actor": "Moderator", "dialogue": "So no vouchers under  in a Gore administration?"}, {"actor": "Gore", "dialogue": "If I thought that there was no alternative, then I might feel differently. But I have an obligation to fight to make sure there are no failing schools. We have to turn around  most schools are excellent, but we have to make sure that all of them are."}, {"actor": "Moderator", "dialogue": "Andrew Kosberg has a related question on education thats right on this subject. Mr. Kosberg, where are you? And its for Vice President Gore."}, {"actor": "Gore", "dialogue": "What grade do you teach?"}, {"actor": "Moderator", "dialogue": "Thats a violation of your rule, Vice President Gore."}, {"actor": "Gore", "dialogue": "High school. I mentioned before that the local communities are having a harder time passing bond issues. Traditionally, if youve been involved in a campaign like that, you know that the parents with kids in school are the ones that turn out and vote. Its ironic that there are now  there is now a smaller percentage of the voters made up of parents with children than ever in American history because of the aging of our population, but at the same time weve got the largest generation of students in public schools ever. More than 90% of Americas children go to public schools. And its the largest number ever this year and theyll break the record next year and every year for ten years running. Weve got to do something about this. And local  its not enough to leave it up to the local school districts. Theyre not able to do it and our future depends upon it. Look, were in an information age. Our economic future depends upon whether or not our children are going to get the kind of education that lets them go on to college. And again, I want to make it possible for all middle-class families to send their kids to college and more Pell grants for those who are in the lower income groups also, and then I want to make sure that we have job training on top of that and lifelong learning, but it all starts with the public school teachers. My proposal gives $10,000 hiring bonuses for those teachers who are  who get certified to teach in the areas where theyre most needed. Now, accountability, we basically agree on accountability. My plan requires testing of all students. It also requires something that Governor Bushs plan doesnt. It requires testing of all new teachers, including in the subjects that they teach. We have to start treating teachers like the professionals that they are, and give them the respect and the kind of quality of life that will draw more people into teaching because we need a lot more teachers."}, {"actor": "Moderator", "dialogue": "Governor Bush, two minutes."}, {"actor": "Bush", "dialogue": "When you total up all the federal spending he wants to do, its the largest increase in federal spending in years. And theres just not going to be enough money. I have been a governor of a big state, I have made education my number one priority. Thats what governors ought to do. They ought to say this is the most important thing we do as a state. The federal government puts about 6% of the money up. They put about, you know, 60% of the strings where you have to fill out the paperwork. I dont know if you have to be a paperwork filler-outer, but most of its because of the federal government. What I want to do is to send flexibility and authority to the local folks so you can choose what to do with the money. One size does not fit all. I worry about federalizing education if I were you. I believe strongly that the federal government can help, we need to fund Headstart. We need to have accountability. The Vice Presidents plan does not have annual accountability, third grade, fourth grade, fifth grade. We need to demand on results. I believe strongly in a teacher protection act like I mentioned. I hear from teachers all the time about the lawsuits and the threats, respect in the classroom. Part of its because you cant  you cant control the classroom. You cant have a consequence for somebody without fear of getting sued under federal law. So Im going to ask the Congress to pass a teacher protection act. So I believe in flexibility, I believe in a national reading initiative for local districts to access with K through 2 diagnostic testing, curriculum that works, phonics works, by the way, it needs to be a part of our curriculum. There needs to be flexibility for teacher training and teacher hiring with federal money. The federal government can be a part, but dont fall prey to all this stuff about money here and money there because education is really funded at the local level. 94% comes from the local level."}, {"actor": "Moderator", "dialogue": "Vice President Gore, is the governor right when he says that youre proposing the largest federal spending in years?"}, {"actor": "Gore", "dialogue": "Absolutely not. Absolutely not. Im so glad that I have the chance to knock that down. Look, the problem is that under Governor Bushs plan, $1.6 trillion tax cut, mostly to the wealthy, under his own budget numbers, he proposes spending more money for a tax cut just for the wealthiest 1% than all the new money he budgets for education, health care and national defense combined. Now under my plan well balance the budget every year. Im not just saying this. Im not just talking. I have helped to balance the budget for the first time in 30 years, paid down the debt. And under my plan, in four years, as the percentage of our gross domestic product, federal spending will be the smallest that it has been in 50 years. One reason is, you know, the third biggest spending item in our budget is interest on the national debt? We get nothing for it. We keep the good faith and credit of the United States. I will pay down the debt every single year until it is eliminated early in the next decade. That gets rid of the third biggest intrusion of the federal government in our economy. Now, because the governor has all this money for a tax cut mostly to the wealthy, there is no money left over, so schools get testing and lawsuit reform and not much else."}, {"actor": "Moderator", "dialogue": "Governor, the vice president says youre wrong."}, {"actor": "Bush", "dialogue": "Well, hes wrong. (LAUGHTER) Just add up all the numbers. Its three times bigger than what President Clinton proposed. The Senate Budget Committee"}, {"actor": "Moderator", "dialogue": "Three times  excuse me, three times bigger than what President Clinton proposed?"}, {"actor": "Gore", "dialogue": "That was in an ad, Jim, that was knocked down by the journalists who analyzed the ad and said it was misleading."}, {"actor": "Bush", "dialogue": "My turn?"}, {"actor": "Moderator", "dialogue": "Yes, sir."}, {"actor": "Bush", "dialogue": "Forget the journalists. He proposed more than Walter Mondale and Michael Dukakis combined. This is a big spender. And he ought to be proud of it, its part of his record. We just have a different philosophy. Let me talk about tax relief. If you pay taxes, you ought to get tax relief. The Vice President believes only the right people ought to get tax relief. I dont think thats the role of the president to pick youre right and youre not right. I think if youre going to have tax relief, everybody ought to get it. And therefore, wealthy people are going to get it. But the top 1% will end up paying one-third of the taxes in America and they get one-fifth of the benefits. And thats because we structured the plan so that six million additional American families pay no taxes. If youre a family of four making $50,000 in Missouri, you get a 50% cut in your federal income taxes. What Ive done is set priorities and funded them. And theres extra money. And I believe the people who pay the bills ought to get some money back. Its a difference of opinion. He wants to grow the government and I trust you with your own money. I wish we could spend an hour talking about trusting people. Its just the right position to take."}, {"actor": "Gore", "dialogue": "Can we take the time"}, {"actor": "Moderator", "dialogue": "Governor  yeah, hold on one second here, thought. The governor just reversed the thing. What do you say specifically to what the vice president said tonight, he said it many, many times, that your tax cut benefits the top 1% of the wealthiest Americans, and youve heard what he said."}, {"actor": "Bush", "dialogue": "Of course it does. If you pay taxes, you are going to get a benefit. People who pay taxes will get tax relief."}, {"actor": "Moderator", "dialogue": "All right. Why shouldnt they?"}, {"actor": "Bush", "dialogue": "Let me finish. Under my plan, if you make  the top  the wealthy people pay 62% of the taxes today. Afterwards they pay 64%. This is a fair plan. You know why? Because the tax code is unfair for people at the bottom end of the economic ladder. If youre a single mother making $22,000 a year today and youre trying to raise two children, for every additional dollar you earn you pay a higher marginal rate on that dollar than someone making $200,000, and thats not right. So I want to do something about that."}, {"actor": "Moderator", "dialogue": "Vice President Gore?"}, {"actor": "Gore", "dialogue": "Yeah, look. Look, this isnt about Governor Bush, its not about me. It is about you. And I want to come back to something I said before. If you want somebody who believes that we were better off eight years ago than we are now and that we ought to go back to the kind of policies that we had back then, emphasizing tax cuts mainly for the wealthy, here is your man. If you want somebody who will fight for you and who will fight to have middle-class tax cuts, then I am your man. I want to be. Now, I doubt anybody here makes more than $330,000 a year. I wont ask you, but if you do, youre in the top 1%."}, {"actor": "Moderator", "dialogue": "It would be a violation of the rules. They couldnt"}, {"actor": "Gore", "dialogue": "Im not going to ask them. But if everyone here in this audience was dead on in the middle of the middle-class, then the tax cuts for every single one of you all added up would be less than the tax cut his plan would give to just one member of that top wealthiest 1%. Now you judge for yourselves whether or not thats fair."}, {"actor": "Moderator", "dialogue": "Quick, and then were moving on."}, {"actor": "Bush", "dialogue": "Good. 50 million Americans get no tax relief under his plan."}, {"actor": "Gore", "dialogue": "Thats not right."}, {"actor": "Bush", "dialogue": "You may not be one of them, youre just not one of the right people. And secondly, weve had enough fighting. Its time to unite. You talk about eight years? In eight years they havent gotten anything done on Medicare, on Social Security, a patients bill of rights. Its time to get something done."}, {"actor": "Gore", "dialogue": "Hey, Ive got to answer that, Jim."}, {"actor": "Moderator", "dialogue": "All right."}, {"actor": "Gore", "dialogue": "Medicare  I cast the tie-breaking vote to add 26 years to the life of Medicare. It was due to go bankrupt in 1999 and that 50 million figure again, the newspapers  I said  you said forget the journalists, but they are the keepers of the score card and whether or not youre using facts that arent right. And that fact is just not right."}, {"actor": "Moderator", "dialogue": "Speaking of keepers of the score card, thats what Im trying to do here Mr. Vice President and Governor Bush. Were gonna move on. Were gonna have to move on. All right, there were 12 questions on foreign and military matters, and the first one that were going to ask will be directed to you, Governor Bush. And David Norwood is going to ask it. Mr. Norwood, where are you? There you are."}, {"actor": "Bush", "dialogue": "Ive been a leader. Ive been a person who has to set a clear vision and convince people to follow. Ive got a strategy for the Middle East. And first let me say that our nation now needs to speak with one voice during this time, and I applaud the president for working hard to diffuse tensions. Our nation needs to be credible and strong. When we say were somebodys friend, everybody has got to believe it. Israel is our friend and well stand by Israel. We need to reach out to moderate Arab nations as well to build coalitions to keep the peace. I also need  the next leader needs to be patient. We cant put the Middle East peace process on our timetable. Its got to be on the timetable of the people that were trying to bring to the peace table. We cant dictate the terms of peace, which means that you have to be steady. You cant worry about polls or focus groups. Youve got to have a clear vision. Thats what a leader does. A leader also understands that the United States must be strong to keep the peace. Saddam Hussein still is a threat in the Middle East. Our coalition against Saddam is unraveling. Sanctions are loosened. The man who may be developing weapons of mass destruction, we dont know because inspectors arent in. So to answer your question, it requires a clear vision, a willingness to stand by our friends, and the credibility for people both friend and foe to understand when America says something, we mean it."}, {"actor": "Moderator", "dialogue": "Vice President Gore?"}, {"actor": "Gore", "dialogue": "I see a future when the world is at peace, with the United States of America promoting the values of democracy and human rights and freedom all around the world. Even in Iran they have had an election that began to bring about some change. We stand for those values and we have to be willing to assert them. Right now our military is the strongest in the entire history of the world. I will  I pledge to you I will do whatever is necessary to make sure that it stays that way. Now, what can I bring to that challenge? When I was a young man, my father was a senator opposed to the Vietnam War. When I graduated from college, there were plenty of fancy ways to get out of going and being a part of that. I went and I volunteered, and I went to Vietnam. I didnt do the most or run the greatest risk by a long shot, but I learned what it was like to be an enlisted man in the United States Army. In the Congress, in the House of Representatives, I served on the House Intelligence Committee and I worked hard to learn the subject of nuclear arms control and how we can diffuse these tensions and deal with non-proliferation and deal with the problems of terrorism and these new weapons of mass destruction. Look, were gonna face some serious new challenges in the next four years. Ive worked on that long and hard. When I went to the United States Senate, I asked for an assignment to the Armed Services Committee. And while I was there I worked on a bipartisan basis, as I did in the House, I worked with former President Reagan on the modernization of our strategic weaponry. In the Senate I was one of only ten Democrats, along with Senator Joe Lieberman, to support Governor Bushs dad in the Persian Gulf War Resolution. And for the last eight years Ive served on the National Security Council. Can I say just one other thing here?"}, {"actor": "Moderator", "dialogue": "No, sir. Well get that  Im gonna  the next question is to you."}, {"actor": "Gore", "dialogue": "Fine, Ill wait."}, {"actor": "Moderator", "dialogue": "Its a related  its a related question that is going to be asked by Kenneth Allen. Mr. Allen?"}, {"actor": "Gore", "dialogue": "I think he gets a  oh, Im sorry, youre right, go ahead."}, {"actor": "Moderator", "dialogue": "Mr. Allen, right there. MEMBER OF AUDIENCE: Mr. Vice President, today our military forces are stretched thinner and doing more than they have ever done before during peacetime. I would like to know what you are  I think we would all like to know what you as president would do to ensure proper resourcing for the current mission and/or more selectively choosing the time and place that our forces will be used around the world."}, {"actor": "Gore", "dialogue": "Thank you, sir. Just to finish briefly, I started to say that for the last eight years Ive been on the National Security Council. Last week I broke up  I suspended campaigning for two days, or parts of two days, to go back and participate in the meetings that charted the Presidents summit meeting that he just returned from earlier today. And our team of  our countrys team over there did a great job. Its a difficult situation. The United States has to be strong in order to make sure that we can help promote peace and security and stability. And that means keeping our military strong. Now, I said earlier that we are the strongest military, but we need to continue improving readiness and making sure that our military personnel are adequately paid and that the combination of their pay and their benefits and their retirement as veterans is comparable to the stiff competition thats coming in this strong economy from the private sector. And I have supported the largest pay raise in many a year, and I support another one now. I also support modernization of our strategic and tactical weaponry. The governor has proposed skipping a generation of technology. I think that would be a mistake, because I think one of the ways weve been able to be so successful in Kosovo and Bosnia and Haiti and in other places is by having the technological edge. You know, we won that conflict in Kosovo without losing a single human life in combat, a single American life in combat. Now, readiness. The trends before we  before I got my current job were on the decline, the number of divisions were reduced. I argued that we should reverse that trend and take it back up. And Im happy to tell you that we have. Now, in my budget for the next ten years I propose $100 billion for this purpose. The governor proposes $45 billion. I propose more than twice as much because I think its needed."}, {"actor": "Moderator", "dialogue": "Governor Bush, two minutes."}, {"actor": "Bush", "dialogue": "If this were a spending contest, I would come in second. I readily admit Im not going to grow the size of the federal government like he is. Your question was deployment. It must be in the national interests, must be in our vital interests whether we ever send troops. The mission must be clear. Soldiers must understand why were going. The force must be strong enough so that the mission can be accomplished. And the exit strategy needs to be well-defined. Im concerned that were overdeployed around the world. See, I think the mission has somewhat become fuzzy. Should I be fortunate enough to earn your confidence, the mission of the United States military will be to be prepared and ready to fight and win war. And therefore prevent war from happening in the first place. There may be some moments when we use our troops as peacekeepers, but not often. The Vice President mentioned my view of long-term for the military. I want to make sure the equipment for our military is the best it can possibly be, of course. But we have an opportunity  we have an opportunity to use our research and development capacities, the great technology of the United States, to make our military lighter, harder to find, more lethal. We have an opportunity, really, if you think about it, if were smart and have got a strategic vision and a leader who understands strategic planning, to make sure that we change the terms of the battlefield of the future so we can keep the peace. This is a peaceful nation, and I intend to keep the peace. Spending money is one thing. But spending money without a strategic plan can oftentimes be wasted. First thing Im going to do is ask the Secretary of Defense to develop a plan so we are making sure were not spending our money on political projects, but on projects to make sure our soldiers are well-paid, well-housed, and have the best equipment in the world."}, {"actor": "Moderator", "dialogue": "Governor Bush, another kind of gun question. It will be asked by Robert Lutz. Mr. Lutz?"}, {"actor": "Bush", "dialogue": "Yes, sir."}, {"actor": "Bush", "dialogue": "Im sorry, I didnt hear that. MEMBER OF AUDIENCE: Would like to know why you object to the Brady Handgun bill, if you do object to it. Because in a recent TV ad it showed that the National Rifle Association says that if you are elected, that they will be working out of your office."}, {"actor": "Bush", "dialogue": "I dont think the National Rifle Association ran that ad. But let me just tell you my position on guns in general, sir, if you dont mind."}, {"actor": "Moderator", "dialogue": "Excuse me, Im not sure hes finished with his question."}, {"actor": "Bush", "dialogue": "Im sorry. MEMBER OF AUDIENCE: That kind of bothers me when I see an ad like that. I want you to explain that ad to me."}, {"actor": "Bush", "dialogue": "Well, I dont think I ran the ad. I think somebody who doesnt want me to be president might have run that ad. That wasnt my ad. I think it might have been one of my opponents ads. Here is what I believe, sir. I believe law-abiding citizens ought to be allowed to protect themselves and their families. I believe that we ought to keep guns out of the hands of people that shouldnt have them. Thats why Im for instant background checks at gun shows, Im for trigger locks, I think that makes sense. Matter of fact, we distributed free trigger locks in the State of Texas so that people can get them and put them on their guns to make their guns more safe. I think we ought to raise the age at which juveniles can have a gun. But I also believe strongly that we need to enforce laws on the books that the best way to make sure that we keep our society safe and secure is to hold people accountable for breaking the law. If we catch somebody illegally selling a gun, there needs to be a consequence. If we keep somebody  you know, illegally using a gun, there needs to be a consequence. Enforcement of law, and the federal government can help. There is a great program called Project Exile in Richmond, Virginia, where we focused federal taxpayers money and federal prosecutors and went after people who were illegally using guns. To me thats how you make society the safest it can be. And so, yeah, sometimes I agree with some of these groups in Washington and sometimes I dont. Im a pretty independent thinker. The one thing Im for is a safe society. And Im for enforcing laws on the books. And thats what is going to happen should I earn your confidence."}, {"actor": "Moderator", "dialogue": "Vice President Gore?"}, {"actor": "Gore", "dialogue": "Well, it was not one of my ads, either, Governor. But I am familiar with the statement, and it was made by one of the top-ranking officials of that organization. Let me tell you my position. I think that some common sense gun safety measures are certainly needed with the flood of cheap handguns that have sometimes been working their way into the hands of the wrong people. But all of my proposals are focused on that problem, gun safety. None of my proposals would have any effect on hunters, or sportsmen, or people who use rifles. Theyre aimed at the real problem. Lets make our schools safe, lets make our neighborhoods safe. Lets have a three-day waiting period, cooling off, so we can have a background check to make sure that criminals and people who really shouldnt have guns dont get them. But I would like to use my remaining time on this exchange, Jim, to respond to an exchange that took place just a moment ago. Because a couple of times the governor has said that I am for a bigger government. Governor, Im not. And let me tell you what the record shows. For the last eight years I have had the challenge of running the streamlining program called Reinventing Government. And if there are any federal employees in this group, you know what that means. The federal government has been reduced in size by more than 300,000 people. And its now the smallest number that we have had since the  the smallest in size since John Kennedys administration. During the last five years, Texass government has gone up in size. Federal government has gone down, Texass government has gone up. Now, my plan for the future, I see a time when we have smaller, smarter government where you dont have to wait in line because you can get services online cheaper, better, faster. We can do that."}, {"actor": "Moderator", "dialogue": "Steve Luecker has a question, and it is for Vice President Gore. Mr. Luecker? There you are."}, {"actor": "Gore", "dialogue": "Weve got a bumper crop this year. But thats the good news. You know what the bad news is that follows on that. The prices are low. In the last several years, the so-called Freedom To Farm Law has, in my view, been mostly a failure. I want to change many of its provisions. Now, many here who are not involved in farming dont  wont follow this, so just forgive me. Because the 2% of the country that is involved in farming is important because the rest of us wouldnt eat except for them. And you guys have been having a hard time, and I want to fight for you. I want to change those provisions. I want to restore a meaningful safety net. And I think that you pointed the way in your comments, because when you say there are multiple things accomplished by farmers, youre specifically including conservation and protection of the environment. And yes, farmers are the first environmentalists. And when they decide not to plow a field that is vulnerable to soil erosion, that may cost them a little money, but it helps the environment. I think that we ought to have an expanded conservation reserve program. And I think that the environmental benefits that come from sound management of the land ought to represent a new way for farmers to get some income that will enable them  enable you to make sensible choices in crop rotation, and when you leave the land fallow and the rest. Now, Ill go beyond that and say I think we need much more focus on rural economic development programs. I see a time when the Internet-based activities are more available in the rural areas and where the extra source of income that farm families used to have from shoe factories is replaced by an extra source of income from working in the information economy. So we need to do a lot of things, but we ought to start with a better safety net."}, {"actor": "Moderator", "dialogue": "Governor Bush, two minutes."}, {"actor": "Bush", "dialogue": "I would like our farmers feeding the world. Were the best producers in the world, and I want  I want the farmers feeding the world. We need to open up markets. Exports are down, and every time an export number goes down, it hurts the farmer. I want the next president to have fast track negotiating authority to open up markets around the world. Were the best and the most efficient farmers. I dont want to use food as a diplomatic weapon from this point forward. We shouldnt be using food. It hurts the farmers. Its not the right thing to do. Im for value-added processing. We need more work on value-added processing. You take the raw product you produce, I presume youre a farmer, off your farm, and you convert it. Value-added processing is important. Im for research and development. Spending research and development money so that we can use our technological base to figure out new uses for farm products. Im for getting rid of the death tax, completely getting rid of the death tax. One reason family farmers are forced to sell early is because of the death tax. This is a bad tax. The President shouldnt have vetoed that bill. Its a tax that taxes people twice. It penalizes the family farmer. So should I be fortunate enough to earn your vote, I also understand  I want to open up markets, but I also understand that farming is a part of our national security. Im from a big farm state. Were the second biggest state  farming state in the country. And I hear from my farmers and friends all the time. The Vice President is right, by the way. Every day is earth day if you own the land. I like the policies that will encourage farmers to put  set aside land as well for conservation purposes. Thank you."}, {"actor": "Moderator", "dialogue": "A quick thing on the inheritance tax. There is a difference between the two of you on this. Vice President Gore?"}, {"actor": "Gore", "dialogue": "Yeah. Im for a massive reform of the estate tax or the death tax. And under the plan that Ive proposed, 80% of all family farms will be completely exempt from the estate tax. And the vast majority of all family businesses would be completely exempt, and all of the others would have sharply reduced. So 80%  now the problem with completely eliminating it goes back to the wealthiest 1%. The amount of money that has to be raised in taxes for middle-class families to make up for completely eliminating that on the very wealthiest, the billionaires, that would be an extra heavy burden on middle-class families. And so lets do it for most all, but not completely eliminate it for the very top."}, {"actor": "Moderator", "dialogue": "Whats the case for doing that, Governor?"}, {"actor": "Bush", "dialogue": "Eliminating the death tax."}, {"actor": "Moderator", "dialogue": "Completely. For everybody."}, {"actor": "Bush", "dialogue": "Because people shouldnt be taxed twice on their assets. Its either unfair for some or unfair for all. Again, this is just a difference of opinion. If youre from Washington, you want to pick and choose winners. I dont think thats the role of the president. I think if youre going to have tax relief, everybody benefits. Secondly, I think your plan  a lot of fine print in your plan, Mr. Vice President, with all due respect. It is  Im not so sure 80% of the people get the death tax. I know this, 100% will get it if Im the president. I just dont think its fair to tax peoples assets twice regardless of your status. Its a fairness issue. Its an issue of principle, not politics."}, {"actor": "Moderator", "dialogue": "New issue. New issue. And the question will be asked by Joyce Cleamer of Governor Bush. Joyce Cleamer? There you are."}, {"actor": "Bush", "dialogue": "Hi, Joyce. MEMBER OF AUDIENCE: Hi, Governor. Im very concerned about the morality of our country now. TV, movies, the music that our children are, you know, barraged with every day. And I want to know if theres anything that can be worked out with the  Hollywood, or whoever, to help get rid of some of this bad language and whatever, you know. Its just bringing the country down. And our children are very important to us and were concerned about their education at school. We should be concerned about their education at home, also. Thank you."}, {"actor": "Bush", "dialogue": "Appreciate that question. Laura and I are proud parents of teenage girls, twin daughters, and I know what youre saying. Government ought to stand on the side of parents. Parents are teaching their children right from wrong, and the message oftentimes gets undermined by the popular culture. You bet theres things that government can do. We can work with the entertainment industry to provide family hour. We can have filters on Internets where public money is spent. There ought to be filters in public libraries and filters in public schools so if kids get on the Internet, there is not going to be pornography or violence coming in. I think we ought to have character education in our schools. I know that doesnt directly talk about Hollywood, but it does reinforce the values youre teaching. Greatly expand character education funding so that public schools will teach children values, values which have stood the test of time. Theres afterschool money available. I think that afterschool money ought to be available for faith-based programs and charitable programs that exist because somebody has heard the call to love a neighbor like you would like to be loved yourself. That will help reinforce the values that parents teach at home as well. Ours is a great land, and one of the reasons why is because were free. And so I dont support censorship. But I do believe that we ought to talk plainly to the Hollywood moguls and people who produce this stuff and explain the consequences. I think we need to have rating systems that are clear. I happen to like the idea of having technology for the TV, easy for parents to use so you can tune out these programs you dont want in your house. Ill remind mothers and dads the best weapon is the off/on button, and paying attention to your children, and eating dinner with them and being  Im sorry. I was on my peroration."}, {"actor": "Gore", "dialogue": "My turn."}, {"actor": "Moderator", "dialogue": "Vice President Gore."}, {"actor": "Gore", "dialogue": "I care a lot about this. Its not just movies; television, video games, music, the Internet. Parents now feel like you have to compete with the mass culture in order to raise your kids with the values that you want them to have. Tipper and I have four children. And God bless them, every one of them decided on their own to come here this evening. I dont want to embarrass our oldest daughter. She and her husband made us grandparents almost a year-and-a-half ago, and yet if shell forgive me, when she was little, she brought a record home that had some awful lyrics in it and Tipper hit the ceiling. And that launched a campaign to try to get the record companies to put ratings that  warning labels for parents. And Im so proud of what she accomplished in getting them on there. Ive been involved myself in negotiating and helping to move along the negotiations with the Internet service providers to get a parents protection page every time 95% of the pages come up. And a feature that allows parents to automatically check with one click what sites your kids have visited lately. You know, some parents are worried about those filters, that you will have to ask your kids how to put them on there. But if you can check up on them, thats real power. And recently the Federal Trade Commission pointed out that some of these entertainment companies have warned parents that the material is inappropriate for children, and then theyve turned around behind the backs of the parents and advertised that same adult material directly to children. That is an outrage. Joe Lieberman and I gave them six months to clean up their act. And if they dont do it, were gonna ask for tougher authority in the hands of the FTC on the false and deceptive advertising. Ill tell you this, I want to do something about this. Respect the First Amendment, but I will do something to help you raise your kids without that garbage."}, {"actor": "Moderator", "dialogue": "All right. Vice President Gore, the next question is for you, and it will be asked by Steven Koosmann. Mr. Koosmann, where are you, sir? Youre right behind me as well. There we go."}, {"actor": "Gore", "dialogue": "Right next to the last."}, {"actor": "Gore", "dialogue": "Weve got to change it. I spend a good deal of time talking to young people, and in my standard speech out there on the stump I usually end my speech by saying, I want to ask you for something and I want to direct it especially to the young people in the audience. And I want to tell you what I tell them. Sometimes people who are very idealistic and have great dreams, as young people do, are apt to stay at arms length from the political process because they think their good hearts might be brittle, and if they invest their hopes and allow themselves to believe, then theyre gonna be let down and disappointed. But thank goodness weve always had enough people who have been willing in every generation to push past the fear of a broken heart and become deeply involved in forming a more perfect union. Were America, and we believe in our future and we know we have the ability to shape our future. Now, weve got to address one of the biggest threats to our democracy. And that is the current campaign financing system. And I know they say it doesnt rank anywhere on the polls. I dont believe thats a fair measure. Im telling you, I will make it the  I will make the McCain-Feingold Campaign Finance Reform bill the very first measure that I send to the Congress as president. Governor Bush opposes it. I wish that he would consider changing his mind on that. Because I think that the special interests have too much power, and we need to give our democracy back to the American people. Let me tell you why. Those issues you mentioned, Social Security, prescription drugs, the big drug companies are against the prescription drug proposal that Ive made. The HMOs are against the patients rights bill, the Dingle-Norwood bill that I support, and that Gov. Bush does not support. The big oil companies are against the measures to get more energy independence and renewable fuel. They ought to have their voices heard, but they shouldnt have a big megaphone that drowns out the American people. We need campaign finance reform and we need to shoot straight with young and old alike and tell them what the real choices are. And we can renew and rekindle the American spirit and make our future what our founders dreamed it could be. We can."}, {"actor": "Moderator", "dialogue": "Governor Bush, two minutes."}, {"actor": "Bush", "dialogue": "Tell you what I hear. A lot of people are sick and tired of the bitterness in Washington, D.C. and therefore they dont want any part of politics. They look at Washington and see people pointing fingers and casting blame and saying one thing and doing another. Theres a lot of young folks saying, you know, why do I want to be involved with this mess? And what I think needs to happen in order to encourage the young to become involved is to shoot straight, is to set aside the partisan differences, and set an agenda that will make sense. Medicare, I know you talked about it, but Medicare is relevant for all of us, young and old alike. We better get it right now. Tax reform is relevant for old and young alike. I dont think its the issues that turn kids off. I think its the tone. I think its the attitude. I think its a cynicism in Washington and it doesnt have to be that way. Before I decided to run, I had to resolve two issues in my mind. One, could our family endure all this business. And I came to the conclusion that our love was strong enough to be able to do it. The other was could an administration change the tone in Washington, D.C. And I believe the answer is yes, otherwise I wouldnt be asking for your vote. Thats what happened in Texas. We worked together. There is a man here in this audience named Hugo Berlanga. He is the chairman of the health committee. He came here for a reason, to tout our record on health in Texas. Hes a Democrat. I didnt care whether he was a Republican or Democrat. What I cared about is could we work together. Thats what Washington, D.C. needs. And finally, sir, to answer your question, you need somebody in office who will tell the truth. Thats the best way to get people back in the system."}, {"actor": "Moderator", "dialogue": "Governor Bush, Norma Curby has the next question. And its for you. Norma Curby, where are you?"}, {"actor": "Bush", "dialogue": "Hi, Norma."}, {"actor": "Bush", "dialogue": "Ive had a record of bringing people from all walks of life into my administration, and my administration is better off for it in Texas. Im going to find people that want to serve their country. But I want a diverse administration, I think its important. Ive worked hard in the State of Texas to make sure our institutions reflect the state with good, smart policy. Policy that rejects quotas. I dont like quotas. Quotas tend to pit one group of people against another. Quotas are bad for America. Its not the way America is all about. But policies that give people a helping hand so they can help themselves. For example, in our State of Texas I worked with the legislature, both Republicans and Democrats, to pass a law that said if you come in the top 10% of your high school class, youre automatically admitted to one of our higher institutions of learning, college. And as a result, our universities are now more diverse. It was a smart thing to do. What I called it, I labeled it affirmative access. I think the contracting business in government can help. Not with quotas, but help meet a goal of ownership of small businesses, for example. The contracts need to be smaller, the agencies need to be  need to recruit and to work hard to find people to bid on the state contracts. I think we can do that in a way that represents what America is all about, which is equal opportunity and an opportunity for people to realize their potential. So to answer your question, I support, I guess the way to put it, is affirmative access. Ill have an administration that will make you proud. Thank you."}, {"actor": "Moderator", "dialogue": "Vice President Gore?"}, {"actor": "Gore", "dialogue": "I believe in this goal and effort with all my heart. I believe that our future as a nation depends upon whether or not we can break down these barriers that have been used to pit group against group, and bring our people together. How do you do it? Well, you establish respect for differences. You dont ignore differences. Its all too easy for somebody in the majority in the population to say oh, were just all the same, without an understanding of the different life experience that youve had, that others have had. Once you have that understanding and mutual respect, then we can transcend the differences and embrace the highest common denominator of the American spirit. I dont know what affirmative access means. I do know what affirmative action means. I know the governor is against it, and I know that Im for it. I know what a hate crime statute pending at the national level is all about in the aftermath of James Byrds death. Im for that proposed law, the governor is against it. I know what it means to have a commitment to diversity. I am part of an administration that has the finest record on diversity. And incidentally, an excellent  I mean, I think our success over the last eight years has not been in spite of diversity but because of it. Because were able to draw on the wisdom and experience from different parts of the society that hadnt been tapped in the same way before. And incidentally, Mel Carnahan in Missouri had the finest record on diversity in any governor in the entire history of the State of Missouri. And I want to honor that among his other achievements here. Now, I just believe that what we have to do is enforce the civil rights laws. Im against quotas. This is, with all due respect, Governor, thats a red herring. Affirmative action isnt quotas. Im against quotas, theyre illegal. Theyre against the American way. Affirmative action means that you take extra steps to acknowledge the history of discrimination and injustice and prejudice and bring all people into the American dream because it helps everybody, not just those who are directly benefitting."}, {"actor": "Moderator", "dialogue": "Governor, what is your  are you opposed to affirmative action?"}, {"actor": "Bush", "dialogue": "If affirmative action means quotas, Im against it. If affirmative action means what I just described what Im for, then Im for it. You heard what I was for. The vice president keeps saying Im against things. You heard what I was for, and thats what I support."}, {"actor": "Moderator", "dialogue": "What about  Mr. Vice President, you heard what he said."}, {"actor": "Gore", "dialogue": "He said if affirmative action means quotas, hes against it. Affirmative action doesnt mean quotas. Are you for it without quotas?"}, {"actor": "Bush", "dialogue": "I may not be for your version, Mr. Vice President, but Im for what I just described to the lady."}, {"actor": "Gore", "dialogue": "Are you for what the Supreme Court says is a constitutional way of having affirmative action?"}, {"actor": "Moderator", "dialogue": "Lets go on to another"}, {"actor": "Gore", "dialogue": "I think that speaks for itself."}, {"actor": "Bush", "dialogue": "No, it doesnt speak for itself, Mr. Vice President, it speaks for the fact that there are certain rules in this that we all agree to, but evidently rules dont mean anything."}, {"actor": "Moderator", "dialogue": "The question is for you, Vice President Gore, and Lisa Kee will ask it. Lisa Kee, where are you? There we go, sorry."}, {"actor": "Gore", "dialogue": "If you make less than $60,000 a year and you decide to invest $1,000 in a savings account, youll get a tax credit, which means in essence that the federal government will match your $1,000 with another $1,000. If you make less than $30,000 a year and you put $500 in a savings account, the federal government will match it with $1500. If you make more than $60,000 and up to 100 youll still get a match, but not as generous. Youll get an access to life-long learning and education, help with tuition if you want to get a new skill or training. If you want to purchase health insurance, you will get help with that. If you want to participate in some of the dynamic changes that are going on in our country, you will get specific help in doing that. If you are part of the  of the bottom 20% or so of wage earners, then you will get an expanded earned income tax credit. Now, the tax relief that I propose is directed specifically at middle-income individuals and families. And if you have a  if you have an elderly parent or grandparent who needs long-term care, then you will get help with that. $3,000 tax credit to help your expenses in taking care of a loved one who needs long-term care."}, {"actor": "Moderator", "dialogue": "Governor Bush?"}, {"actor": "Bush", "dialogue": "Let me just say the first  this business about the entitlement he tried to describe about savings, you know, matching savings here and matching savings there, fully-funded its gonna cost a whole lot of money, a lot more than we have. Youre going to get a tax relief in my plan. Youre not going to be targeted in or targeted out. Everybody that pays taxes is going to get tax relief. If you take care of an elderly in your home, youre going to get the personal exemption increased. I think also what you need to think about is not the immediate, but what about Medicare? You get a plan that will include prescription drugs, a plan that will give you options. Now, I hope people understand that Medicare today is important, but it doesnt keep up with the new medicines. If youre a Medicare person, on Medicare, you dont get the new procedures. Youre stuck in a time warp in many ways. So it will be a modern Medicare system that trusts you to make a variety of options for you. Youre going to live in a peaceful world. It will be a world of peace because were going to have a clear sight of foreign policy based upon a strong military and a mission that stands by our friends. A mission that doesnt try to be all things to all people. A judicious use of the military which will help keep the peace. Youll live in a world, hopefully, that is more educated so its less likely youll be harmed in your neighborhood. See, an educated child is one much more likely to be hopeful and optimistic. Youll be in a world in which fits into my philosophy. The harder you work, the more you can keep. Its the American way. Government shouldnt be a heavy hand. Its what the federal government does to you. It should be a helping hand, and tax relief and the proposals I just described should be a good helping hand."}, {"actor": "Moderator", "dialogue": "Governor, next question is for you, and Leo Anderson will ask it. Mr. Anderson. You want a mike?"}, {"actor": "Bush", "dialogue": "No, Im not proud of that. The death penalty is a very serious business, Leo. Its an issue that good people obviously disagree on. I take my job seriously. And if you think I was proud of it, I think you misread me, I do. I was sworn to uphold the laws of my state. During the course of the campaign in 1994 I was asked do you support the death penalty. I said I did if administered fairly and justly. Because I believe it saves lives, Leo, I do. If its administered swiftly, justly and fairly, it saves lives. One of the things that happens when youre a governor, at least oftentimes you have to make tough decisions. You cant let public persuasion sway you, because the job is to enforce the law. And thats what I did, sir. There have been some tough cases come across my desk. Some of the hardest moments since Ive been the governor of the State of Texas is to deal with those cases. But my job is to ask two questions, sir. Is the person guilty of the crime? And did the person have full access to the courts of law? And I can tell you looking at you right now, in all cases those answers were affirmative. Im not proud of any record. Im proud of the fact that violent crime is down in the State of Texas. Im proud of the fact that we hold people accountable. But Im not proud of any record, sir, Im not."}, {"actor": "Moderator", "dialogue": "Vice President Gore?"}, {"actor": "Gore", "dialogue": "I support the death penalty. I think that it has to be administered not only fairly with attention to things like DNA evidence, which I think should be used in all capital cases, but also with very careful attention. If, for example, somebody confesses to the crime and somebody is waiting on death row, there has to be alertness to say wait a minute, have we got the wrong guy? If the wrong guy is put to death, then thats a double tragedy. Not only has an innocent person been executed, but the real perpetrator of the crime has not been held accountable for it. And in some cases may be still at large. But I support the death penalty in the most heinous cases."}, {"actor": "Moderator", "dialogue": "Do both of you believe the death penalty actually deters crime? Governor?"}, {"actor": "Bush", "dialogue": "I do. Its the only reason to be for it. Let me finish, sir. I dont think you should support the death penalty to seek revenge. I dont think thats right. I think the reason to support the death penalty is because it saves other peoples lives."}, {"actor": "Gore", "dialogue": "I think it is a deterrent. I know thats a controversial view, but I do believe its a deterrent."}, {"actor": "Moderator", "dialogue": "Next question is for you, Vice President Gore, and Thomas Fischer will ask it. Mr. Fischer?"}, {"actor": "Gore", "dialogue": "Yes. (LAUGHTER) I am a person who keeps promises. And, you know, weve heard a lot about  from the governor about not much being done in the last eight years, as if the promises that I made eight years ago have not been kept. I think the record shows otherwise. We have gone from the biggest deficits eight years ago to the biggest surpluses in history today. Instead of high unemployment, we now have the lowest African-American unemployment, the lowest Latino unemployment ever measured. 22 million new jobs, very low unemployment nationally. Instead of ballooning the debt and multiplying it four times over, we have seen the debt actually begun to be paid down. Here are some promises that Ill make to you now. I will balance the budget every year. I will pay down the debt every year. I will give middle-class Americans tax cuts, meaningful ones. And I will invest in education, health care, protecting the environment and retirement security. We both made promises in this campaign. I promise you I will keep mine. Let me tell you about one of the governors. He has promised a trillion dollars out of the Social Security Trust Fund for young working adults to invest and save on their own. But hes promised seniors that their Social Security benefits will not be cut, and hes promised the same trillion dollars to them. So this is a show me state. Reminds me of the line from the movie, Show me the money. Which one of those promises will you keep and which will you break, Governor?"}, {"actor": "Moderator", "dialogue": "Governor Bush."}, {"actor": "Bush", "dialogue": "Thank you for your question. (LAUGHTER) I  theres an old high school debating trick, which is to answer something and then attack your opponent at the end. You asked about promises. You were promised that Medicare would be reformed, and that Social Security would be reformed. You were promised a middle-class tax cut in 1992. It didnt happen. Theres too much bitterness in Washington. Theres too much wrangling. Its time to have a fresh start. One of the reasons I was successful as the governor of Texas is because I didnt try to be all things to all people. When I campaigned in a race, a lot of folks didnt think I could win including, by the way, my mother. (LAUGHTER) I said Id do four things; tort reform, education reform, welfare reform and juvenile justice reform. And I won. And I had the will of the people in my state behind me. And then I brought folks together to get it done. And thats what we need, I think, in this election. To me thats what its all about. Im sure your 6th grade kids are listening and saying, these guys will say anything to get elected. But theres a record, and thats what I hope people look at. One of my promises is going to be Social Security reform, and you bet, we need to take a trillion dollars out of that $2.4 trillion surplus. Now remember, Social Security revenue exceeds expenses up until 2015. People are going to get paid. But if youre a younger worker, if youre younger, you better hope this country thinks differently, otherwise youre gonna be faced with huge payroll taxes or reduced benefits. And you bet were gonna take a trillion dollars of your own money and let you invest it under safe guidelines so you get a better rate of return on the money than the paltry 2% that the federal government gets for you today. Thats one of my promises. But its gonna require people to bring both Republicans and Democrats together to get it done. Thats what it requires. There was a chance to get this done. It was a bipartisan approach, but its been rejected. Im going to bring them together."}, {"actor": "Moderator", "dialogue": "Both of you  both of you on this subject. There are other questions that also go to this skepticism, not necessarily about you, but all people in politics. Why is that?"}, {"actor": "Gore", "dialogue": "Well, first of all, Jim, I would like to respond to what the governor just said. Because the trillion dollars that has been promised to young people has also been promised to older people. And you cannot keep both promises. If youre in your mid-40s under the governors plan, Social Security will be bankrupt by the time you retire, if he takes it out of the Social Security Trust Fund. Under my plan it will be  its solvency will be extended until youre 100. Now that is the difference. And the governor may not want to answer that question, he may want to call it a high school debating trick, but let me tell you this. This election is not about debating tricks, it is about your future. The reason Social Security  he says it gets 2%. You know, its not a bank account that just pays back money thats invested. It is also used to give your mothers and fathers the Social Security checks that they live on. If you take a trillion dollars out of that Social Security Trust Fund, how are the checks going to be  how are you going to keep faith with the seniors? Now let me come directly to your question."}, {"actor": "Moderator", "dialogue": "We have to go to the closing statements and"}, {"actor": "Bush", "dialogue": "Well, can I answer that? One reason people are skeptical is because people dont answer the questions theyve been asked. The trillion dollars comes out of the surplus so that you can invest some of your own money. Theres just a difference of opinion. I want workers to have their own assets. Its who you trust, government or people."}, {"actor": "Moderator", "dialogue": "All right. Now were going to go to closing statements. Vice President Gore, youre first."}, {"actor": "Gore", "dialogue": "Thank you very much, Jim, and Ill begin by answering your questions  your last question. I believe that a lot of people are skeptical about people in politics today because we have seen a time of great challenge for our country. Since the assassination of our best leaders in the 60s, since the Vietnam War, since Watergate, and because we need campaign finance reform. I would like to tell you something about me. I keep my word. I have kept the faith. Ive kept the faith with my country. I volunteered for the Army. I served in Vietnam. I kept the faith with my family. Tipper and I have been married for 30 years. We have devoted ourselves to our children and now our nearly one-and-a-half-year-old grandson. I have kept the faith with our country. Nine times I have raised my hand to take an oath to the Constitution, and I have never violated that oath. I have not spent the last quarter century in pursuit of personal wealth. I have spent the last quarter century fighting for middle-class working men and women in the United States of America. I believe very deeply that you have to be willing to stand up and fight no matter what powerful forces might be on the other side. If you want somebody who is willing to fight for you, I am asking for your support and your vote and, yes, your confidence and your willingness to believe that we can do the right thing in America, and be the better for it. Weve made some progress during the last eight years. We have seen the strongest economy in the history of the United States. Lower crime rates for eight years in a row. Highest private home ownership ever, but Ill make you one promise here. You aint seen nothing yet. And I will keep that promise."}, {"actor": "Moderator", "dialogue": "Governor Bush, two minutes."}, {"actor": "Bush", "dialogue": "Well, Jim, I want to thank you and thank the folks here at Washington University and the vice president. Appreciate the chance to have a good, honest dialogue about our differences of opinion. I think after three debates the good people of this country understand there is a difference of opinion. There is a difference between big federal government and somebody who is coming from outside of Washington who will trust individuals. Ive got an agenda that I want to get done for the country. Its an agenda that says were going to reform Medicare to make sure seniors have got prescription drugs and to give seniors different options from which they can choose. Its an agenda that says were listen to the young voices in Social Security and say were going to think differently about making sure we have a system, but also fulfill the promise to the seniors in America. A promise made will be a promise kept should I be fortunate enough to become your president. I want to have the military keeping the peace. I want to make sure the public school system in America keeps its promise so not one child is left behind. After setting priorities, I want to give some of your money back. I dont think the surplus is the governments money. I think its the peoples money. I dont think the surplus exists because of the ingenuity and hard work of the federal government, I think it exists because of the ingenuity and hard work of the American people. And you ought to have some of this surplus so you can save and dream and build. I look forward to the final weeks of this campaign. Im asking for your vote. For those of you for me, thanks for your help. For those of you for my opponent, please only vote once. (LAUGHTER) But for those who have not made up their mind, I would like to conclude by this promise. Should I be fortunate enough to become your president, when I put my hand on the Bible, I will swear to not only uphold the laws of the land, but I will also swear to uphold the honor and the dignity of the office to which I have been elected, so help me God. Thank you very much."}, {"actor": "Moderator", "dialogue": "A closing piece of business before we go. The Debate Commission wants reaction to the three kinds of formats used in the debates this year, and you may register an opinion at their website at www.debates.org. Vice President Gore, Governor Bush, thank you. And good night from Washington University in St. Louis."}, {"actor": "descriptor", "dialogue": "(APPLAUSE)"}], "date": ["October", "17", "2000"]}