{"content": [{"actor": "Lehrer", "dialogue": "Good evening, and welcome to the first of 3 debates among the major candidates for president of the United States, sponsored by the Commission on Presidential Debates. The candidates are: independent candidate Ross Perot, Governor Bill Clinton, the Democratic nominee, and President George Bush, the Republican nominee. I am Jim Lehrer of the MacNeil-Lehrer News Hour on PBS, and I will be the moderator for this 90-minute event, which is taking place before an audience in the athletic complex on the campus of Washington University in St. Louis, Missouri. Three journalists will be asking questions tonight. They are John Mashek of The Boston Globe, Ann Compton of ABC News, and Sander Vanocur, a freelance journalist. We will follow a format agreed to by representatives of the Clinton and Bush campaigns. That agreement contains no restrictions on the content or subject matter of the questions. Each candidate will have up to 2 minutes for a closing statement. The order of those, as well as the questioning, was determined by a drawing. The first question goes to Mr. Perot. He will have 2 minutes to answer, to be followed by rebuttals of one minute each from Governor Clinton and then President Bush. Gentlemen, good evening. The first topic tonight is what separates each of you from the other. Mr. Perot, what do you believe tonight is the single most important separating issue of this campaign?"}, {"actor": "Perot", "dialogue": "I think the principal that separates me is that 5 and a half million people came together on their own and put me on the ballot. I was not put on the ballot by either of the 2 parties; I was not put on the ballot by any PAC money, by any foreign lobbyist money, by any special interest money. This is a movement that came from the people. This is the way the framers of the Constitution intended our government to be, a government that comes from the people. Over time we have developed a government that comes at the people, that comes from the top down, where the people are more or less treated as objects to be programmed during the campaign with commercials and media events and fear messages and personal attacks and things of that nature. The thing that separates my candidacy and makes it unique is that this came from millions of people in 50 states all over this country who wanted a candidate that worked and belonged to nobody but them. I go into this race as their servant, and I belong to them. So this comes from the people."}, {"actor": "Lehrer", "dialogue": "Governor Clinton, a one minute response."}, {"actor": "Clinton", "dialogue": "The most important distinction in this campaign is that I represent real hope for change, a departure from trickle-down economics, a departure from tax and spend economics, to invest in growth. But before I can do that, I must challenge the American people to change, and they must decide. Tonight I say to the President: Mr. Bush, for 12 years youve had it your way. Youve had your chance and it didnt work. Its time to change. I want to bring that change to the American people. But we must all decide first we have the courage to change for hope and a better tomorrow."}, {"actor": "Lehrer", "dialogue": "President Bush, one minute response, sir."}, {"actor": "President Bush", "dialogue": "Well, I think one thing that distinguishes is experience. I think weve dramatically changed the world. Ill talk about that a little bit later, but the changes are mind-boggling for world peace. Kids go to bed at night without the same fear of nuclear war. And change for change sake isnt enough. We saw that message in the late 70s when heard a lot about change, and what happened, that misery index went right through the roof. But my economic program is the kind of change we want. And the way were going to get it done is were going to have a brand new Congress. A lot of them are thrown out because of all the scandals. Ill sit down with them, Democrats and Republicans alike, and work for my agenda for American renewal, which represents real change. But Id say, if you had to separate out, I think its experience at this level."}, {"actor": "Lehrer", "dialogue": "Governor Clinton, how do you respond to the President on the  you have two minutes  on the question of experience? He says that is what distinguishes him from the other two of you."}, {"actor": "Clinton", "dialogue": "I believe experience counts, but its not everything. Values, judgment, and the record that I have amassed in my state also should count for something. Ive worked hard to create good jobs and to educate people. My state now ranks first in the country in job growth this year, fourth in income growth, fourth in reduction of poverty, third in overall economic performance, according to a major news magazine. Thats because we believe in investing in education and in jobs. And we have to change in this country. You know, my wife, Hillary, gave me a book about a year ago in which the author defined insanity as just doing the same old thing over and over again and expecting a different result. We have got to have the courage to change. Experience is important, yes. Ive gotten a lot of good experience in dealing with ordinary people over the last year and month. Ive touched more peoples lives and seen more heartbreak and hope, more pain and more promise, than anybody else whos run for president this year. I think the American people deserve better than theyre getting. We have gone from first to thirteenth in wages in the world in the last twelve years, since Mr. Bush and Mr. Reagan have been in. Personal income has dropped while people have worked harder. In the last four years, there have been twice as many bankruptcies as new jobs created. We need a new approach. The same old experience is not relevant. Were living in a new world after the Cold War, and what works in this new world is not trickle down, not government for the benefit of the privileged few, not tax and spend, but a commitment to invest in American jobs and American education, controlling American health care costs, and bringing the American people together. That is what works. And you can have the right kind of experience and the wrong kind of experience. Mine is rooted in the real lives of real people, and it will bring real results if we have the courage to change."}, {"actor": "Lehrer", "dialogue": "President Bush, one minute to respond."}, {"actor": "Bush", "dialogue": "I just thought of another  another big difference here between me. I dont believe Mr. Perot feels this way, but I know Governor Clinton did because I want to accurately quote him. He thinks, I think he said, that the country is coming apart at the seams. Now, I know that the only way he can win is to make everybody believe the economys worse than it is. But this country is not coming apart at the seams, for heavens sakes. Were the United States of America. In spite of the economic problems, were the most respected economy around the world. Many would trade for it. Weve been caught up in a global slowdown. We can do much, much better, but we ought not try to convince the American people that America is a country thats coming apart at the seams. I would hate to be running for president and think that the only way I could win would be to convince everybody how horrible things are. Yes, there are big problems, and yes, people are hurting. But I believe that this Agenda for American renewal I have is the answer to do it, and I believe we can get it done now, whereas we didnt in the past, because youre going to have a whole brand new bunch of people in the Congress that are going to have to listen to the same American people Im listening to."}, {"actor": "Lehrer", "dialogue": "Mr. Perot, a minute response, sir."}, {"actor": "Perot", "dialogue": "Well, theyve got a point. I dont have any experience in running up a $4 trillion debt. (Laughter.) I dont have any experience in gridlock government where nobody takes responsibility for anything and everybody blames everybody else. I dont have any experience in creating the worst public school system in the industrialized world, the most violent crime-ridden society in the industrialized world. But I do have a lot of experience in getting things done. So, if were at a point in history where we want to stop talking about it and do it, Ive got a lot of experience in figuring out how to solve problems, making the solutions work, and then moving on to the next one. Ive got a lot of experience in not taking 10 years to solve a 10-minute problem. So, if its time for action, I think I have experience that counts. If theres more time for gridlock and talk and finger pointing, Im the wrong man."}, {"actor": "Lehrer", "dialogue": "President Bush, the question goes to you. you have two minutes. And the question is this: Are there important issues of character separating you from these other two men?"}, {"actor": "Bush", "dialogue": "I think the American people should be the judge of that. I think character is a very important question. I said something the other day where I was accused of being like Joe McCarthy because I questioned  I put it this way; I think its wrong to demonstrate against your own country or organize demonstrations against your own country in foreign soil. I just think its wrong. I  well, maybe they say, Well, it was a youthful indiscretion. I was 19 or 20 flying off an aircraft carrier and that shaped me to be Commander-in-Chief of the armed forces. And Im sorry, but demonstrating  its not a question of patriotism. Its a question of character and judgment. They get on me  Bills gotten on me about, read my lips. When I make a mistake Ill admit it. But he has made  not admitted a mistake and I just find it impossible to understand how an American can demonstrate against his own country in a foreign land  organizing demonstrations against it when young men are held prisoner in Hanoi or kids out of the ghetto were drafted. Some say, well, youre a little old fashioned. Maybe I am, but I just dont think thats right. Now, whether its character or judgment  whatever it is  I have a big difference here on this issue and so well just have to see how it plays out. But I  I couldnt do that. And I dont think most Americans could do that. And they all say, Well, it was a long time ago. Well, lets admit it then. Say, I made a terrible mistake. How could you be Commander-in-Chief of the armed forces and have some kid say  when you have to make a tough decision, as I did in Panama or Kuwait and then have some kid jump up and say, Well, Im not going to go. The Commander-in-Chief was organizing demonstrations halfway around the world during another era. So there are differences but thats about the main area where I think we have a difference. I dont know about  well talk about that a little with Ross here in a bit."}, {"actor": "Lehrer", "dialogue": "Mr. Perot, you have one minute."}, {"actor": "Perot", "dialogue": "I think the American people will make their own decisions on character and at a time when we have work to do and we need action I think they need to clearly understand the backgrounds of each person. I think the press can play a huge roll in making sure that the backgrounds are clearly presented in an objective way. Then, make a decision. Certainly anyone in the White House should have the character to be there. But, I think its very important to measure when and where things occurred. Did they occur when you were a young person, in your formative years? Or did they occur while you were a senior official in the federal government? When youre a senior official in the federal government spending billions of dollars in taxpayers money and youre a mature individual and you make a mistake, then that was on our ticket. If you make it as a young man, time passes. So I would say just, you know, look at all three of us. Decide who you think will do the job. Pick that person in November because believe me, as Ive said before, The partys over and its time for the clean-up crew. And we do have to have change and people who never take responsibility for anything when it happens on their watch and people who are in charge"}, {"actor": "Lehrer", "dialogue": "Your time is up."}, {"actor": "Perot", "dialogue": "The time is up. (Laughter)."}, {"actor": "Lehrer", "dialogue": "The time is up."}, {"actor": "Perot", "dialogue": "More later."}, {"actor": "Lehrer", "dialogue": "Governor Clinton, you have one minute."}, {"actor": "Clinton", "dialogue": "Ross gave a good answer but Ive got to respond directly to Mr. Bush. You have questioned my patriotism."}, {"actor": "Bush", "dialogue": "(Inaudible)."}, {"actor": "Clinton", "dialogue": "You even brought some right-wing congressman into the White House to plot how to attack me for going to Russia in 1969-70, when over 50,000 other Americans did. Now, I honor your service in World War II, I honor Mr. Perots service in uniform and the service of every man and woman who ever served, including Admiral Crowe, who was your Chairman of the joint Chiefs and whos supporting me. But when Joe McCarthy went around this country attacking peoples patriotism he was wrong. He was wrong. And a senator from Connecticut stood up to him named Prescott Bush. Your father was right to stand up to Joe McCarthy, you were wrong to attack my patriotism. I was opposed to the war but I loved my country and we need a president who will bring this country together, not divide it. Weve had enough division. I want to lead a unified country."}, {"actor": "descriptor", "dialogue": "(APPLAUSE)"}, {"actor": "Lehrer", "dialogue": "We move now to the subject of taxes and spending. The question goes to Governor Clinton for a two minutes answer. It will be asked by Ann Compton. ANN"}, {"actor": "Compton", "dialogue": "Governor Clinton, can you lock in a level here tonight on where middle-income families can be guaranteed a tax cut or, at the very least, at what income level they can be guaranteed no tax increase?"}, {"actor": "Clinton", "dialogue": "The tax increase I have proposed triggers in at family incomes of $200,000 and above. Those are the people who in the 1980s had their incomes go up while their taxes went down. Middle-class people, defined as people with incomes of $52,000 and down, had their incomes go down while their taxes went up in the Reagan-Bush years because of 6 increases in the payroll taxes. So that is where my income limit would trigger."}, {"actor": "Compton", "dialogue": "There will be no tax increases"}, {"actor": "Clinton", "dialogue": "Right. My plan"}, {"actor": "Compton", "dialogue": "below 200,000"}, {"actor": "Clinton", "dialogue": "notwithstanding my opponents ad, my plan triggers in at gross incomes, family incomes of $200,000 and above. Then we want to give modest middle-class tax relief to restore some fairness, especially to middle- class people with families with incomes of under $60,000. In addition to that, the money that I raise from upper-income people and from asking foreign corporations just to pay the same income on their income earned in America that American corporations do will be used to give incentives back to upper-income people. I want to give people permanent incentives on investment tax credit, like President Kennedy and the Congress inaugurated in the early 60s to get industry moving again; a research and development tax credit; a low-income housing tax credit; a long-term capital gains proposal for new business and business expansions. Weve got to have no more trickle down. We dont need across-the-board tax cuts for the wealthy for nothing. We need to say heres your tax incentive: if you create American jobs, the old-fashioned way. Id like to create more millionaires than were created under Mr. Bush and Mr. Reagan, but I dont want to have 4 years where we have no growth in the private sector, and thats whats happened in the last 4 years. Were down 35,000 jobs in the private sector. We need to invest and grow, and thats what I want to do."}, {"actor": "Lehrer", "dialogue": "President Bush, one minute, sir."}, {"actor": "President Bush", "dialogue": "Well, let meI have to correct one thing. I didnt question the mans patriotism. I questioned his judgment and his character. What he did in Moscow, thats fine. Let him explain it. He did. I accept that. What I dont accept is demonstrating and organizing demonstrations in a foreign country when your countrys at war. Im sorry. I cannot accept that. In terms of this one on taxes spells out the biggest difference between us. I do not believe we need to go back to the Mondale proposals or the Dukakis proposals of tax and spend. Governor Clinton says $200,000 but he also says he wants to raise $150 billion. Taxing people over $200,000 will not get you $150 billion. And then when you add in his other spending proposals, regrettably you end up socking it to the working man. That old adage they usewere going to soak the rich- -were going to soak the richit always ends up being the poor cab driver or the working man that ends up paying the bill. And so I just have a different approach. I believe the way to get the deficit down is to control the growth of mandatory spending programs, and not raise taxes on the American people. Weve got a big difference there."}, {"actor": "Lehrer", "dialogue": "Mr. Perot, one minute."}, {"actor": "descriptor", "dialogue": "(APPLAUSE)"}, {"actor": "Perot", "dialogue": "Weve got to have a growing, expanding job base to give us a growing, expanding tax base. Right now we have a flat to deteriorating job base and where it appears to be growing, its minimum-wage jobs. So weve got to really rebuild our job base. Thats going to take money for infrastructure and investment to do that. Our foreign competitors are doing it; were not. We cannot pay off the $4 trillion debt, balance the budget and have the industries of the future and the high- paying jobs in this country without having the revenue. Were going to go through a period of shared sacrifice. Theres one challenge. Its got to be fair. Weve created a mess, dont have much to show for it and we have got to fix it. And thats about all I can say in a minute."}, {"actor": "Lehrer", "dialogue": "Okay. (APPLAUSE) Next question goes to President Bush for a 2-minute answer, and it will be asked by Sandy Vanocur."}, {"actor": "Sander Vanocur", "dialogue": "Mr. President, this past week your secretary of the Army, Michael Stone, said he had no plans to abide by a congressional mandate to cut US forces in Europe from 150 to 100 thousand by the end of September 1996. Now, why, almost 50 years after the end of World War II, and with the total collapse of the Soviet Union, should American taxpayers be taxed to support armies in Europe when the Europeans have plenty of money to do it for themselves?"}, {"actor": "Bush", "dialogue": "Well, Sander, thats a good question, and the answer is: for 40-some years we kept the peace. If you look at the cost of not keeping the peace in Europe, it would be exorbitant. We have reduced the number of troops that are deployed and going to be deployed. I have cut defense spending. And the reason we could do that is because of our fantastic success in winning the Cold War. We never would have got there if we had gone for the nuclear freeze crowd; we never would have got there if we had listened to those that wanted to cut defense spending. I think it is important that the US stay in Europe and continue to guarantee the peace. We simply cannot pull back. Now, when anybody has a spending program they want to spend money on at home, they say, well, lets cut money out of the Defense Dept. I will accept and have accepted the recommendations of 2 proven leaders, General Colin Powell and Secretary Dick Cheney. They feel that the levels were operating at and the reductions that I have proposed are proper. And so I simply do not think we should go back to the isolation days and starting blaming foreigners. We are the sole remaining superpower, and we should be that. And we have a certain disproportionate responsibility. But I would ask the American people to understand that if we make imprudent cuts, if we go too far, we risk the peace. And I dont want to do that. Ive seen what it is like to see a war, to see the burdens of a war, and I dont want to see us make reckless cuts. Because of our programs we have been able to significantly cut defense spending. But lets not cut into the muscle, and lets not cut down our insurance policy, which is participation of American forces in NATO, the greatest peace- keeping organization ever made. Today youve got problems in Europe, still bubbling along even though Europes gone democracys route. But we are there, and I think this insurance policy is necessary. I think it goes with world leadership, and I think the levels weve come up with are just about right."}, {"actor": "Lehrer", "dialogue": "Mr. Perot, one minute, sir."}, {"actor": "Perot", "dialogue": "If Im poor and youre rich, and I can get you to defend me, thats good. But when the tables get turned, I ought to do my share. Right now we spend about $300 billion a year on defense, the Japanese spend around 30 billion in Asia, the Germans spend around 30 billion in Europe. For example, Germany will spend a trillion dollars building infrastructure over the next 10 years. Its kind of easy to do if you only have to pick up a $30-billion tab to defend your country. The European Community is in a position to pay a lot more than they have in the past. I agree with the president: when they couldnt, we should have; now that they can, they should. We sort of seem to have a desire to try to stay over there and control it. They dont want us to control it, very candidly. So it I think is very important for us to let them assume more and more of the burden and for us to bring that money back here and rebuild our infrastructure, because we can only be a superpower if we are an economic superpower; and we can only be an economic superpower if we have a growing, expanding job base."}, {"actor": "descriptor", "dialogue": "(APPLAUSE)"}, {"actor": "Lehrer", "dialogue": "Governor Clinton, one minute, sir."}, {"actor": "Clinton", "dialogue": "I agree with the general statement Mr. Bush made. I disagree that we need 150,000 troops to fulfill our role in Europe. We certainly must maintain an engagement there. There are certainly dangers there, there are certainly other trouble spots in the world which are closer to Europe than to the US. But 2 former defense secretaries recently issued a report saying that 100,000 or slightly fewer troops would be enough, including President Reagans former defense secretary, Mr. Carlucci. Many of the military experts whom I consulted on this agreed. Were going to have to spend more money in the future on military technology and on greater mobility, greater airlift, greater sealift, the B-22 airplane. Were going to have to do some things that are quite costly. And I simply dont believe we can afford nor do we need to keep 150,000 troops in Europe given how much the Red Army, now under the control of Russia, has been cut, the arms control agreement concluded between Mr. Bush and Mr. Yeltsin, something I have applauded. I dont think we need 150,000 troops. Let me make one other point. Mr. Bush talked about taxes. He didnt tell you that he vetoed a middle class tax cut because it would be paid for by raising taxes on the wealthy and vetoed an investment tax credit paid for by raising taxes on the wealthy."}, {"actor": "Lehrer", "dialogue": "All right. We go now to Mr. Perot for a 2-minute question, and it will be asked by John Mashek."}, {"actor": "Mashek", "dialogue": "Mr Perot, you talked about fairness just a minute ago and sharing the pain. As part of your plan to reduce the ballooning federal deficit, youve suggested that we raise gasoline taxes 50 cents a gallon over 5 years. Why punish the middle class consumer to such a degree?"}, {"actor": "Perot", "dialogue": "Its 10 cents a year cumulative. It finally gets to 50 cents at the end of the 5th year. I think punish is the wrong word. Again, see, I didnt create this problem. Were trying to solve it. Now, if you study our international competitors, some of our international competitors collect up to $3.50 a gallon in taxes, and they use that money to build infrastructure and to create jobs. We collect 35 cents, and we dont have it to spend. I know its not popular, and I understand the nature of your question. But the people who will be helped the most by it are the working people who will get the jobs created because of this tax. Why do we have to do it? Because we have so mismanaged our country over the years, and it is now time to pay the fiddler. And if we dont, we will be spending our childrens money. We have spent $4 trillion worth. An incredible number of young people are active in supporting my effort because they are deeply concerned that we have taken the American dream from them. I think its fitting that were on the campus of a university tonight. These young people, when they get out of this wonderful university, will have difficulty finding a job. Weve got to clean this mess up, leave this country in good shape, and pass on the American dream to them. Weve got to collect the taxes to do it. If theres a fairer way, Im all ears (laughter) aah. (Laughter and applause) Butbutsee, let me make it very clear. If people dont have the stomach to fix these problems, I think its a good time to face it, November. If they do, then they will have heard the harsh reality of what we have to do. Im not playing Lawrence Welk music tonight."}, {"actor": "Lehrer", "dialogue": "All right, Governor Clinton, you have a minute, sir."}, {"actor": "Clinton", "dialogue": "I think Mr. Perot has confronted this deficit issue, but I think its important to point out that we really have 2 deficits in America, not one. We have a budget deficit in the federal government, but we also have an investment, a jobs, an income deficit. People are working harder for less money than they were making 10 years ago, 2- 3rds of our peoplea $1600 drop in average income in just the last 2 years. The problem I have with the Perot prescription is that almost all economists whove looked at it say that if you cut the deficit this much this quick it will increase unemployment, it will slow down the economy. Thats why I think we shouldnt do it that quickly. We have a disciplined reduction in the deficit of 50 % over the next 4 years, but first get incentives to invest in this economy, put the American people back to work. Weve got to invest and grow. 9 Nobel Prize-winning economists and 500 others, including numerous Republican and Democratic business executives, have endorsed this approach because it offers the best hope to put America back to work and get our incomes rising instead of falling."}, {"actor": "Lehrer", "dialogue": "President Bush, one minute, sir."}, {"actor": "Bush", "dialogue": "Your question was on fairness. I just disagree with Mr. Perot. I dont believe it is fair to slap a 50-cent-a-gallon tax over whatever many years on the people that have to drive for a living, people that go long distances. I dont think we need to do it. You see, I have a fundamental difference. I agree with what hes talking about in trying to get this spending down and the discipline, although I think we ought to totally exempt Social Security. But hes talking tough medicine, and I think thats good. I disagree with the tax-and-spend philosophy. You see, I dont think we need to tax more and spend more, and then say thats going to make the problem better. And Im afraid thats what I think Im hearing from Governor Clinton. I believe what you need to do is some of what Ross is talking about: control the growth of mandatory spending and get taxes down. Hes mentioned some ways to do itand I agree with those. Ive been talking about getting a capital gains cut forever, and his friends in Congress have been telling me thats a tax break for the rich. It would stimulate investment. Im for an investment tax allowance; Im for a tax break for first- time homebuyers. And with this new Congress coming in, gridlock will be gone, and Ill sit down with them and say lets get this done. But I do not want to go the tax-and-spend route."}, {"actor": "Lehrer", "dialogue": "All right, lets move on now to the subject of jobs. The first question goes to President Bush for 2 minutes, and John will ask that question."}, {"actor": "Mashek", "dialogue": "Mr. President, last month you came to St. Louis to announce a very lucrative contract for McDonnell Douglas to build F-15s for Saudi Arabia. In todays Post- Dispatch, a retired saleswoman, a 75-year-old woman named Marjorie Roberts, asked if she could ask a question of the candidates. She said she wanted to register her concern about the lack of a plan to convert our defense-oriented industries into other purposes. How would you answer her."}, {"actor": "Bush", "dialogue": "I assume she was supportive of the decision on McDonnell Douglas, I assume she was supporting me on the decision to sell those airplanes. I think its a good decisiontook a little heat for it, but I think it was the correct decision to do. And we worked it out, and indeed were moving forward all around the world in a much more peaceful way. So that one we came away with in creating jobs for the American people. I would simply say to her, look, take a look at what the president has proposed on job retraining. When you cut back on defense spending, some people are going to be thrown out of work. If you throw another 50,000 kids on the street because of cutting recklessly in troop levels, youre going to put a lot more out of work. I would say to them, look at the job retraining programs that were proposing. Therein is the best answer to her. And another one is: stimulate investment and savings. I mean, weve got big economic problems, but we are not coming apart at the seams; were ready for a recovery. With interest rates down and inflation down, the cruelest tax of all, caught up in a global slowdown right now, that that will change if you go with the programs Ive talked about and if you help with job retraining and education. I am a firm believer that our America 2000 education problem is the answera little longer run; its going to take awhile to educate. But it is a good program. So her best help for short term is job retraining, if she was thrown out of work at a defense plant. But tell her its not all that gloomy; were the US, we faced tough problems before. Look at the misery index when the Democrats had both the White House and the Congress. It was just right through the roof. Now, we can do better. And the way to do better is not to tax and spend but to retrain, get that control of the mandatory spending programs. Im much more optimistic about this country than some."}, {"actor": "descriptor", "dialogue": "(APPLAUSE)"}, {"actor": "Lehrer", "dialogue": "Mr. Perot? Mr. Perot, you have one minute, sir."}, {"actor": "Perot", "dialogue": "Defense industries are going to have to convert to civilian industries. Many of them are. And the sooner they start, the sooner theyll finish. And there will be a significant transition. And its very important that we not continue to let our industrial base deteriorate. We had someone who Im sure regrets said it in the presidents staff said he didnt care whether we made potato chips or computer chips. Well, anybody that thinks about it cares a great deal. Number one, you make more making computer chips than potato chips; and, number 2, 19 out of 20 computer chips that we have in this country now come from Japan. Weve given away whole industries. So as we phase these industries over, theres a whole of intellectual talent in these industries. A lot of these people in industries can be converted to the industries of tomorrow, and thats where the high-paying jobs are. We need to have a very carefully thought through phase-over. Now, see, we practice 19th century capitalism. The rest of the world practices 21st century capitalism. I cant handle that in a minute, but I hope we can get back into it later. In the rest of the world, the countries and the businesses would be working together to make this transition in an intelligent way."}, {"actor": "Lehrer", "dialogue": "Governor Clinton, you have one minute, sir."}, {"actor": "Clinton", "dialogue": "We must have a transition plan to plan to convert from a defense to a domestic economy. No other nation would have cut defense as much as we already have without that. There are 200,000 people unemployed in California alone because we have cut defense without planning to retrain them and to reinvest in the technologies of the future here at home. That is what I want to do. This administration may say they have a plan, but the truth is they have not even released all the money, the paltry sum of money, that Congress appropriated. I want to take very dollar by which we reduce defense and reinvest it in technologies for the 21st centuryin new transportation, in communication, in environmental clean-up technologies. Lets put the American people to work, and lets build the kind of high-tech, high-wage, high-growth economy that the American people deserve."}, {"actor": "Lehrer", "dialogue": "All right. The next question goes to Mr. Perot for a 2-minute answer. It will be asked by Ann. Ann?"}, {"actor": "Compton", "dialogue": "Mr. Perot, you talked a minute ago about rebuilding the job base. But is it true what Governor Clinton just said, that that means that unemployment will increase, that it will slow the economy? And how would you specifically use the powers of the presidency to get more people back into good jobs immediately?"}, {"actor": "Perot", "dialogue": "Step one, the American people send me up there, the day after election, Ill get with congressionalwe wont even wait till inauguration, and Ill ask the president to help me and Ill ask his staff to help me. And we will start putting together teams to put togetherto take all the plans that exist and do something with them. Please understand. There are great plans lying all over Washington nobody ever executes. Its like having a blueprint for a house you never built. You dont have anywhere to sleep. Now our challenge is to take these things, do something with them. Step one, we want to put America back to work, clean up the small business problem, have one task force at work on that. The second, youve got your big companies that are in trouble, including the defense industrieshave another one on that. Have a 3rd task force on new industries of the future to make sure we nail those for our country and they dont wind up in Europe and Asia. Convert from 19th to 21st century capitalism. See, we have an adversarial relationship between government and business. Our international competitors that are cleaning our plate have an intelligent relationship between government and business, and a supportive relationship. Then have another task force on crime because, next to jobs, our people are concerned about their safety. Health care, schoolsone on the debt and deficit. And finally in that 90- day period before the inauguration, put together the framework for the town hall and give the American people a Christmas present. Show them by Christmas the first cut at these plans. By the time Congress comes into session to go to work, have those plans ready to go in front of Congress. Then get off to a flying start in 93 to execute these plans. Now, there are people in this room and people on this stage whove been in meetings when I would sit there and say, Is this the one were going to talk about or do something about? Well, obviously, my orientation is lets go do it. Now, put together your plans by Christmas, be ready to go when Congress goes, nail these things. Small businessyouve got to have capital, youve got to credit, and many of them need mentors or coaches. And we can create more jobs there in a hurry than any other place."}, {"actor": "Lehrer", "dialogue": "Governor Clinton, one minute."}, {"actor": "Clinton", "dialogue": "This country desperately needs a jobs program, and my first priority would be to pass a jobs program, to introduce it on the first day I was inaugurated. I would meet with the leaders of the Congress, with all the newly elected members of the Congress and as many others with whom I could meet between the time of the election and the inauguration, and we would present a jobs program. Then we would present a plan to control health care costs and phase in health care coverage for all Americans. Until we control health care costs, were not going to control the deficit. It is the number one culprit. But first we must have an aggressive jobs program. I live in a state where manufacturing job growth has far outpaced the nation in the last few years, where we have created more private sector jobs since Mr. Bush has been president than have been created in the entire rest of the country, where Mr. Bushs labor secretary said job growth has been enormous. Weve done it in Arkansas. Give me a chance to create these kind of jobs in America. We can do it. I know we can."}, {"actor": "descriptor", "dialogue": "(APPLAUSE)"}, {"actor": "Lehrer", "dialogue": "President Bush, one minute."}, {"actor": "Bush", "dialogue": "Weve got the plan announced for what we can do for small business. Ive already put forward things thatll get this country working fast, some of which have been echoed here tonightinvestment tax allowance, capital gains reduction, more on research and development, tax credit for first-time home buyers. What Im going to do is say to Jim Baker when this campaign is over, all right, lets sit down now, you do in domestic affairs what youve done in foreign affairs, be kind of the economic coordinator of all the domestic side of the House, and that includes all the economic side, all the training side, and bring this program together. Were going to have a new Congress, and were going to say to them, youve listened to the voters the way we have. Nobody wants gridlock anymore, and so lets get the program through. And I believe itll work because, as Ross said, we got the plans. The plans are all over Washington. And Ive put ours together in something called the Agenda for American Renewal, and it makes sense, its sensible, it creates jobs, it gets to the base of the kind of jobs we need. And so Ill just be asking for support to get that put into effect."}, {"actor": "Lehrer", "dialogue": "All right. The next question goes to Governor Clinton for 2 minutes. It will be asked by Sandy."}, {"actor": "Vanocur", "dialogue": "Governor Clinton, when a president running for the first time gets into the office and wants to do something about the economy, he finds in Washington theres a person who has much more power over the economy than he does: the chairman of the Federal Reserve Board, accountable to no one. That being the case, would you go along with proposals made by Treasury Secretary James Brady and Congressman Lee Hamilton to make the Federal Reserve Board chairman somehow more accountable to elected officials?"}, {"actor": "Clinton", "dialogue": "Well, let me say that I think that we might ought to review the terms, the way it works. But frankly, I dont think thats the problem today. We have low interest rates today. At least we have low interest rates that the Fed can control. Our long-term interest rates are still pretty high because of our deficit and because of our economic performance. And there was a terrible reaction internationally to Mr. Bush saying he was going to give us 4 more years of trickle-down economicsanother across-the- board tax cut and most of it going to the wealthy, with no real guarantee of investment. But I think the important thingthe important thing is to use the powers the president does have on the assumption that, given the condition of this economy, were going to keep interest rates down if we have the discipline to increase investment and reduce the debt at the same time. That is my commitment. I think the American people are ready for action. I think Congress is hungry for someone who will work with them instead of manipulate them. Someone who will not veto a bill that has an investment tax credit, middle class tax relief, research and development tax credits as Mr. Bush has done. Give me a chance to do that. I dont have to worry in the near term about the Federal Reserve. Their policies so far, it seems to me, are pretty sound."}, {"actor": "Lehrer", "dialogue": "President Bush you have one minute."}, {"actor": "Bush", "dialogue": "I dont think the Fed ought to be put under the Executive Branch. There is a separation there. I think thats fine. Alan Greenspan is respected. Ive had some arguments with him about the speed in which we might have lowered interest rates, but Governor Clinton, he talks about the reaction to the markets. There was a momentary fear that he might win and that the markets went phwee, down like that. So I dont think we can judge on, the stock market has been strong. Its been very strong since Ive been president. And they recognize we got great difficulties, but theyre also much more optimistic than the pessimists we have up here tonight. In terms of vetoing tax bills, youre darn right. I am going to protect the American taxpayer against the spend and tax Congress. And Im going to keep on vetoing them, because I dont think were taxed too little. I think the governments spending too much. So Governor Clinton can label it tax for the rich or anything he wants. Im going to protect the working man by continuing to veto, and to threaten to veto until we get this new Congress, and then were going to move forward on our plan. Ive got to protect them."}, {"actor": "Lehrer", "dialogue": "Mr. Perot, one minute."}, {"actor": "Perot", "dialogue": "Keep the Federal Reserve independent, but lets live in a world of reality. We live in a global economy, not a national economy. These interest rates we have now dont make any sense. We have a four trillion dollar debt, and only in America would you finance seventy percent of it five years or less. So seventy percent of our debt is five years or less. Its very interest sensitive. We have a four percent gap between what we pay for treasuries, and what Germany pays for one to five year treasuries. That gap is going to close, because the Arabs, the Japanese and folks in this country are going to start buying German treasuries because they can get more money. Every time our interest rates go up one percent, that adds 28 billion dollars to the deficit or to the debt. Whichever place you put it. We are sitting on a ticking time bomb folks, because we have totally mismanaged our country, and we had better get it back under control. Just think in your own business, if you had all of your long term problems financed short term. Youd go broke in a hurry."}, {"actor": "Lehrer", "dialogue": "Were going to move to foreign affairs. The first question goes to Mr. Perot for a two minute answer, and Sandy will ask it."}, {"actor": "Vanocur", "dialogue": "Mr Perot, in the postwar coldwar environment, what should be the overriding U.S. national interest? And what can the United States do, and what can it afford to do, to defend the national interest?"}, {"actor": "Perot", "dialogue": "Again, if youre not rich, youre not a superpower. So we have two that Id put as number one. I have number 1 and 1A. One is weve got to have the money to be able to pay for defense, and weve got to manufacture here. Believe it or not folks, you cant ship it all overseas, youve got to make it here. And you cant convert from potato chips to airplanes in an emergency. See, Willow Run could be converted from cars to airplanes in World War II because it was here. Weve got to make things here. You cant ship them overseas anymore. I hope we can talk more about that. Second thing, on priorities. Weve got to help Russia succeed in its revolution and all of its republics. When we think of Russia, remember were thinking of many countries, now. Weve got to help them. Thats pennies on the dollar compared to renewing the cold war. Third, weve got all kinds of agreements on paper, and some that are being executed on getting rid of nuclear warheads. Russia and its republics are out of control or at best in weak control right now. Its a very unstable situation. Youve got every rich Middle Eastern country over there trying to buy nuclear weapons. As you well know. And that will lead to another five star migraine headache down the road. We really need to nail down the big intercontinental ballistic missiles, the ones that can hit us from Russia. And weve focused on the tactical. Weve made real progress there. Weve got some agreement on the nuclear, but we dont have those things put away yet. The sooner the better. So, in terms of priorities, weve got to be financially strong. Number two, weve got to take care of this missile situation and try to get the nuclear war behind us and give this thing very high priority. And number three, we need to help and support Russia and the republics in every possible way to become democratic capitalistic societies, and not just sit back and let those countries continue in turmoil. Because they could go back worse than things used to be. And believe me there are a lot of old boys in the K.G.B. and the military that liked it better the way it used to be."}, {"actor": "Lehrer", "dialogue": "Governor Clinton, one minute."}, {"actor": "Clinton", "dialogue": "In order to keep America the strongest nation in the world, we need some continuity and some change. There are three fundamental challenges. First of all, the world is still a dangerous and uncertain place. We need a new military and a new national security policy equal to the challenges of a post cold war era, a smaller permanent military force, but one that is more mobile, well trained with high technology equipment. We need to continue the negotiations to reduce the nuclear arsenals in the Soviet Union, the former Soviet Union, and the United States. We need to stop this proliferation of weapons of mass destruction. Second, we have to face that in this world, economic security is a whole lot of national security. Our dollars at an all time low against some foreign currencies. Were weak in the world. We must rebuild Americas strength at home. And finally, we ought to be promoting the democratic impulses around the world. Democracies are our partners. They dont go to war with each other. Theyre reliable friends in the future. National security, economic strength, democracy."}, {"actor": "Lehrer", "dialogue": "President Bush, one minute."}, {"actor": "Bush", "dialogue": "Well, we still are the envy of the world in terms of our military. Theres no question about that. Were the envy of the world in terms of our economy, despite the difficulties were having. Theres no question about that. Our exports are dramatically up. I might say to Mr. Perot, I can understand why you might have missed it, because theres so much fascination with trivia, but I worked out a deal with Boris Yeltsin to eliminate, get rid of entirely, the most destabilizing weapons of all, the SS-18, the intercontinental ballistic missile. I mean, thats been done. And thank God, it has, because the parents of these young people around here go to bed at night without the same fear of nuclear war. We made dramatic progress. And so, weve got a good military. the question, to sort of get a new military, get the best in the world, we got it, and theyre keeping the peace, and theyre respected around the world. And were more respected because of the way we have conducted ourselves. We didnt listen to the nuclear freeze crowd. We said, Peace through strength, and it worked and the cold war is over. And America understands that. But were so, turned so inward we dont understand the global picture. And we are helping democracy, Ross. The Freedom Support Act is something I got through the Congress, and its a very good thing, because it does exactly what you say, and I think you agree with that, to help Russian democracy. And were going to keep on doing that."}, {"actor": "Lehrer", "dialogue": "Next question is for Governor Clinton, and John will ask it."}, {"actor": "Mashek", "dialogue": "Governor Clinton, you accused the President of coddling tyrants, including those in Beijing. As President, how would you exert U.S. power to influence affairs in China."}, {"actor": "Clinton", "dialogue": "I think our relationships with China are important and I dont want to isolate China, but I think it is a mistake for us to do what this Administration did when all those kids went out there carrying the Statue of Liberty in Tiananmen Square. Mr Bush sent two people in secret to toast the Chinese leaders and basically tell them not to worry about it. They rewarded him by opening negotiations with Iran to transfer nuclear technology. That was their response to that sort of action. Now that the voices in the Congress and throughout the country have insisted that we do something about China, look at what has happened. China has finally agreed to stop sending us products made with prison labor. Not because we coddled them, but because the Administration was pushed into doing something about it. And recently the Chinese have announced they are going to lower some barriers to our products, which they ought to do since they have a 15 billion dollar trade surplus with the United States under Mr. Bush. The second biggest surplus next to Japan. So I would be firm. I would say if you want to continue as Most Favored Nation status for your government owned industries as well as your private ones, observe human rights in the future. Open your society. Recognize the legitimacy of those kids that were carrying the Statue of Liberty. If we can stand up for our economics, we ought to be able to preserve the democratic interests of the people of China. And over the long run they will be more reliable partners."}, {"actor": "Lehrer", "dialogue": "President you have one minute."}, {"actor": "Bush", "dialogue": "Well, the Administration was the first major country to stand up to the abuse in Tiananmen Square. We are the one that worked out the prison labor deal. We are the ones that lowered the barrier to products with Carla Hills negotiation. I am the one that said lets keep the M.F.N. because you see China moving towards a free market economy. To do what the Congress and Governor Clinton is suggesting, youd isolate and ruin Hong Kong. They are making some progress, not enough for us. We were the first ones to put sanctions on. We still have them on, on some things. But Governor Clintons philosophy is isolate them. He says dont do it, but the policies hes expounding of putting conditions on M.F.N. and kind of humiliating them is not the way you make the kind of progress we are getting. And Ive stood up with these people, and I understand what you have to do to be strong in this situation, and its moving, not as fast as wed like. But you isolate China and turn them inward, and then weve made a tremendous mistake. And Im not going to do it. And Ive had to fight a lot of people that were saying human rights, and were the ones that put the sanctions on and stood for it. And he can insult General Scowcroft if he wants to. They didnt go over to coddle. He went over to say we must make the very changes theyre making now."}, {"actor": "Lehrer", "dialogue": "One minute, Mr. Perot."}, {"actor": "Perot", "dialogue": "All right, its huge. China, is a huge country, broken into many provinces. It has some very elderly leaders that will not be around too much longer. Capitalism is growing and thriving across big portions of China. Asia will be our largest trading partner in the future. It will be a growing and a closer relationship. We have a delicate, tight-wire walk that we must go through at the present time to make sure that we do not cozy up to tyrants, to make sure that they dont get the impression that they can suppress their people. But time is our friend there, because their leaders will change in not too many years, worst case, and their country is making great progress. One last point on the missiles. I dont want the American people to be confused. We have written agreements and we have some missiles that have been destroyed, but we have a huge number of intercontinental ballistic missiles that are still in place in Russia. The fact that you have an agreement is one thing. Till theyre destroyed, some crazy person can either sell them or use them."}, {"actor": "Lehrer", "dialogue": "All right. The next question goes to President Bush for a 2-minute answer, and Ann will ask it."}, {"actor": "Compton", "dialogue": "Mr. President, how can you watch the killing in Bosnia and the ethnic cleansing, or the starvation and anarchy in Somalia, and not want to use Americas might, if not Americas military, to try to end that kind of suffering?"}, {"actor": "Bush", "dialogue": "Ann, both of them are very complicated situations. And I vowed something because I learned something from Vietnam. I am not going to commit US forces until I know what the mission is, till the military tell me that it can be completed, and till I know how they can come out. We are helping. American airplanes are helping today on humanitarian relief for Sarajevo. It is America thats in the lead in helping with humanitarian relief for Somalia. But when you go to put somebody elses son or daughter into war, I think you got to be a little bit careful and you have to be sure that theres a military plan that can do this. You have ancient ethnic rivalries that have cropped up as Yugoslavias dissolved or getting dissolved, and it isnt going to be solved by sending in the 82nd Airborne, and Im not going to do that as commander-in-chief. I am going to stand by and use the moral persuasion of the US to get satisfaction in terms of prison camps, and were making some progress there, and in terms of getting humanitarian relief in there. And right now, as you know, the US took the lead in a no-fly operation up there in no- fly order up in the United Nations. Were working through the international organizations. Thats one thing I learned by forging that tremendous and greatlyhighly successful coalition against Saddam Hussein, the dictator. Usework internationally to do it. I am very concerned about it. I am concerned about ethnic cleansing. I am concerned about a tax on Muslims, for example, over there. But I must stop short of using American force until I know how those young men and women are going to get out of there as well as get in, know what the mission is, and define it. And I think Im on the right track."}, {"actor": "Compton", "dialogue": "Are you designing a mission,"}, {"actor": "Lehrer", "dialogue": "Ms.Ann, sorry, sorry. Time is up. We have to go to Mr. Perot for a one-minute response."}, {"actor": "Perot", "dialogue": "I think if we learned anything in Vietnam is you first commit this nation before you commit the troops to the battlefield. We cannot send our people all over the world to solve every problem that comes up. This is basically a problem that is a primary concern to the European Community. Certainly we care about the people, we care about the children, we care about the tragedy. But it is inappropriate for us, just because theres a problem somewhere around the world, to take the sons and daughters of working peopleand make no mistake about it, our all- volunteer armed force is not made up of the sons and daughters of the beautiful people; its the working folks who send their sons and daughters to war, with a few exceptions. Its very unlike World War II, when FDRs sons flew missions. Everybody went. Its a different world now. Its very important that we not just, without thinking it through, just rush to every problem in the world and have our people torn to pieces."}, {"actor": "Lehrer", "dialogue": "Governor Clinton, one minute."}, {"actor": "Clinton", "dialogue": "I agree that we cannot commit ground forces to become involved in the quagmire of Bosnia or in the tribal wars of Somalia. But I think that its important to recognize that there are things that can be done short of that, and that we do have interests there. There are, after all, 2 million refugees now because of the problems in what was Yugoslavia, the largest number since World War II, and there may be hundreds of thousands of people who will starve or freeze to death in this winter. The US should try to work with its allies and stop it. I urged the president to support this air cover, and he didand I applaud that. I applaud the no-fly zone, and I know that hes going back to the United Nations to try to get authority to enforce it. I think we should stiffen the embargo on the Belgrade government, and I think we have to consider whether or not we should lift the arms embargo now on the Bosnians, since they are in no way in a fair fight with a heavily armed opponent bent on ethnic cleansing. We cant get involved in the quagmire, but we must do what we can."}], "date": ["Part", "1", "1992"]}