{"content": [{"actor": "Lehrer", "dialogue": "All right, moving on now to divisions in our country, the first question goes to Governor Clinton for 2 minutes, and Ann will ask it."}, {"actor": "Compton", "dialogue": "Governor Clinton, can you tell us what your definition of the word family is?"}, {"actor": "Clinton", "dialogue": "A family involves at least one parent, whether natural or adoptive or foster, and children. A good family is a place where love and discipline and good values are transmuted (sic) from the elders to the children, a place where people turn for refuge, and where they know theyre the most important people in the world. America has a lot of families that are in trouble today. Theres been a lot of talk about family values in this campaign. I know a lot about that. I was born to a widowed mother who gave me family values, and grandparents. Ive seen the family values of my people in Arkansas. Ive seen the family values of all these people in America who are out there killing themselves working harder for less in a country thats had the worst economic years in 50 years and the first decline in industrial production ever. I think the president owes it to family values to show that he values Americas families, whether theyre people on welfare youre trying to move from welfare to work, the working poor whom I think deserve a tax break to lift them above poverty if theyve got a child in the house and working 40 hours a week, working families who deserve a fair tax system and the opportunity for constant retraining; they deserve a strong economy. And I think they deserve a family and medical leave act. Seventy-two other nations have been able to do it. Mr. Bush vetoed it twice because he says we cant do something seventy-two other countries do, even though there was a small business exemption. So with all the talk about family values, I know about family values  I wouldnt be here without them. The best expression of my family values is that tonights my 17th wedding anniversary, and Id like to close my question by just wishing my wife a happy anniversary, and thank you, my daughter, for being here."}, {"actor": "descriptor", "dialogue": "(APPLAUSE)"}, {"actor": "Lehrer", "dialogue": "President Bush, one minute."}, {"actor": "Bush", "dialogue": "Well, I would say that one meeting that made a profound impression on me was when the mayors of the big cities, including the mayor of Los Angeles, a Democrat, came to see me, and they unanimously said the decline in urban America stems from the decline in the American family. So I do think we need to strengthen family. When Barbara holds an AIDS baby, shes showing a certain compassion for family; when she reads to children, the same thing. I believe that discipline and respect for the law  all of these things should be taught to children, not in our schools, but families have to do that. Im appalled at the highest outrageous numbers of divorces  it happens in families, its happened in ours. But its gotten too much. And I just think that we ought to do everything we can to respect the American family. It can be a single-parent family. Those mothers need help. And one way to do it is to get these deadbeat fathers to pay their obligations to these mothers  that will help strengthen the American family. And theres a whole bunch of other things that I cant click off in this short period of time."}, {"actor": "Lehrer", "dialogue": "All right, Mr. Perot, you have one minute."}, {"actor": "Perot", "dialogue": "If I had to solve all the problems that face this country and I could be granted one wish as we started down the trail to rebuild the job base, the schools and so on and so forth, I would say a strong family unit in every home, where every child is loved, nurtured, and encouraged. A little child before theyre 18 months learns to think well of himself or herself or poorly. They develop a positive or negative self- image. At a very early age they learn how to learn. If we have children who are not surrounded with love and affection  you see, I look at my grandchildren and wonder if theyll ever learn to walk because theyre always in someones arms. And I think, my gosh, wouldnt it be wonderful if every child had that love and support. But they dont. We will not be a great country unless we have a strong family unit in every home. And I think you can use the White House as a bully pulpit to stress the importance of these little children, particularly in their young and formative years, to mold these little precious pieces of clay so that they, too, can live rich full lives when theyre grown."}, {"actor": "descriptor", "dialogue": "(APPLAUSE)"}, {"actor": "Lehrer", "dialogue": "New question, two-minute answer, goes to President Bush. Sandy will ask it."}, {"actor": "Vanocur", "dialogue": "Mr. President, theres been a lot of talk about Harry Truman in this campaign, so much so that I think tomorrow Ill wake up and see him named as the next commissioner of baseball. The thing that Mr. Truman didnt have to deal with is drugs. Americans are increasingly alarmed about drug-related crimes in cities and suburbs. And your administration is not the first to have grappled with this."}, {"actor": "descriptor", "dialogue": "(Laughter)"}, {"actor": "Bush", "dialogue": "No, I dont think thats the right answer. I dont believe legalizing narcotics is the answer. I just dont believe thats the answer. I do believe that theres some fairly good news out there. The use of cocaine, for example, by teenagers is dramatically down. But weve got to keep fighting on this war against drugs. Were doing a little better in interdiction. Many of the countries below that used to say, well, this is the US problem  if youd get the demand down, then we wouldnt have the problem  are working cooperatively with the DEA and the military. Were using the military more now in terms of interdiction. Our funding for recovery is up, recovering the addicts. Where were not making the progress, Sander, is in  were making it in teenagers, and thank God, because I thought what Ross said was most appropriate about these families and these children. But where were not making it is with the confirmed addicts. And Ill tell you one place thats working well, and that is the private sector  Jim Burke and this task force that he has, you may know about it. Ill tell the American people, but this man said Ill get you a million dollars a day in pro bono advertising, something thats very hard for the government to do. And he went out and he did it. And people are beginning to educate through this program, teaching these kids you shouldnt use drugs. So were still in the fight. But I must tell you, I think legalization of narcotics, or something of that nature, in the face of the medical evidence, would be totally counterproductive. And I oppose it, and Im going to stand up and continue to oppose it."}, {"actor": "descriptor", "dialogue": "(APPLAUSE)"}, {"actor": "Lehrer", "dialogue": "Mr. Perot, one minute."}, {"actor": "Perot", "dialogue": "Anytime you think you want to legalize drugs, go to a neonatal unit  if you can get in. Theyre between 100 and 200% capacity up and down the East Coast. And the reason is crack babies being born, babies in the hospital 42 days. Typical cost to you and me is $125,000. Again and again and again, the mother disappears in 3 days, and the child becomes a ward of the state because hes permanently and genetically damaged. Just look at those little children, and if anybody can even think about legalizing drugs, theyve lost me. Now, lets look at priorities. You know, we went on the Libyan raid  do you remember that one?  because we were worried to death that Gaddafi might be building up chemical weapons. Weve got chemical warfare being conducted against our children on the streets in this country all day every day, and we dont have the will to stamp it out. Now, again, if I get up there, if you send me, were going to have some blunt talks about this, and were really going to get down in the trenches and say, is this one you want to talk about or fix, because talk wont do it, folks. There are guys that couldnt get a job third shift in a Dairy Queen driving BMWs and Mercedes selling drugs. And these old boys are not going to quit easy."}, {"actor": "descriptor", "dialogue": "(APPLAUSE)"}, {"actor": "Lehrer", "dialogue": "Governor Clinton, one minute."}, {"actor": "Clinton", "dialogue": "Like Mr. Perot, I have held crack babies in my arms. But I know more about this, I think, than anybody else up here because I have a brother whos a recovering drug addict. Im very proud of him. But I can tell you this. If drugs were legal, I dont think hed be alive today. I am adamantly opposed to legalizing drugs. He is alive today because of the criminal justice system. Thats a mistake. What should we do? First, we ought to prevent more of this on the street. Thirty years ago, there were three policemen for every crime. Now there are three crimes for every policeman. We need a hundred thousand more police on the street. I have a plan for that. Secondly, we ought to have treatment on demand. Thirdly, we ought to have boot camps for first-time nonviolent offenders so they can get discipline and treatment and education and get reconnected to the community before theyre severed and sent to prison, where they can learn how to be first class criminals. There is a crime bill that, lamentably, was blocked from passage once again, mostly by Republicans in the US Senate, which would have addressed some of these problems. That crime bill is going to be one of my highest priorities next January if I become president."}, {"actor": "descriptor", "dialogue": "(APPLAUSE)"}, {"actor": "Lehrer", "dialogue": "Next question is to you, Mr. Perot. You have two minutes to answer it and John will ask it."}, {"actor": "Mashek", "dialogue": "Mr. Perot, racial division continues to tear apart our great cities, the last episode being this spring in Los Angeles. Why is this still happening in America, and what would you do to end it?"}, {"actor": "Perot", "dialogue": "This is a relevant question here tonight. The first thing Id do is, during political campaigns, I would urge everybody to stop trying to split this country into fragments and appeal to the differences between us and then wonder why the melting pot is all broken to pieces after November the 3rd. Now, that ought to get everybody back up to lets get along together and make it work. Our diversity is a strength. Weve turned it into a weakness. Now again, the White House is a bully pulpit. I think whoever is in the White House should just make it absolutely unconscionable and inexcusable, and if anybodys in the middle of a speech at, you know, one of these conventions, I would expect the candidate to go out and lift him off the stage if he starts preaching hate  because we dont have time for it. See, our differences are our strengths. We have got to pull together. In athletics, we know it. See, divided teams lose; united teams win. We have got to unite and pull together, and theres nothing we cant do. But if we sit around blowing all this energy out the window on racial strife and hatred, we are stuck with a sure loser because we have been a melting pot. Were becoming more and more of a melting pot. Lets make it a strength, not a weakness."}, {"actor": "descriptor", "dialogue": "(APPLAUSE)"}, {"actor": "Lehrer", "dialogue": "Governor Clinton, one minute."}, {"actor": "Clinton", "dialogue": "I grew up in the segregated South, thankfully raised by a grandfather with almost no formal education but with a heart of gold who taught me early that all people were equal in the eyes of God. I saw the winds of hatred divide people and keep the people of my state poorer than they would have been, spiritually and economically. And Ive done everything I could in my public life to overcome racial divisions. We dont have a person to waste in this country. We are being murdered economically because we have too many drop-outs, we have too many low birthweight babies, we have too many drug addicts as kids, we have too much violence, we are too divided by race, by income, by region. And I have devoted a major portion of this campaign to going across this country and looking for opportunities to go to white groups and African American groups and Latino groups and Asian American groups and say the same thing. If the American people cannot be brought together, we cant turn this country around. If we can come together, nothing can stop us."}, {"actor": "descriptor", "dialogue": "(APPLAUSE)"}, {"actor": "Lehrer", "dialogue": "Mr. President, one minute."}, {"actor": "Bush", "dialogue": "Well, I think Governor Clinton is committed. I do think its fair to note  he can rebut it  but Arkansas is one of the few states that doesnt have any civil rights legislation. Ive tried to use the White House as a bully pulpit, speaking out against discrimination. We passed two very forward-looking civil rights bills. Its not going to be all done by legislation. But I do think that you need to make an appeal every time you can to eliminate racial divisions and discrimination, and Ill keep on doing that and pointing to some legislative accomplishment to back it up. I have to take ten seconds here at the end  the red light isnt on yet  to say to Ross Perot, please dont say to the DEA agents on the street that we dont have the will to fight drugs. Please. I have watched these people  the same for our local law enforcement people. Were backing up at every way we possibly can. But maybe you meant that some in the country dont have the will to fight it, but those that are out there on the front line, as you know  youve been a strong backer of law enforcement  really  I just want to clear that up have the will to fight it, and, frankly, some of them are giving their lives."}, {"actor": "Lehrer", "dialogue": "Time, Mr. President. All right. Lets go now to another subject, the subject of health. The first question for 2 minutes is to President Bush, and John will ask it."}, {"actor": "Mashek", "dialogue": "Mr. President, yesterday tens of thousands of people paraded past the White House to demonstrate their concern about the disease AIDS. A celebrated member of your commission, Magic Johnson, quit saying that there was too much inaction."}, {"actor": "Bush", "dialogue": "Coming from the political process. We have increased funding for AIDS. Weve doubled it on research and on every other aspect of it. My request for this year was $4.9 billion for AIDS  ten times as much per AIDS victim as per cancer victim. I think that were showing the proper compassion and concern. So I cant tell you where its coming from, but I am very much concerned about AIDS and I believe that weve got the best researchers in the world out there at NIH working the problem. Were funding them  I wish there was more money  but were funding them far more than any time in the past, and were going to keep on doing that. I dont know. I was a little disappointed in Magic because he came to me and I said, Now if you see something were not doing, get ahold of me. Call me, let me know. He went to one meeting, and then we heard that he was stepping down. So hes replaced by Mary Fisher who electrified the Republican Convention by talking about the compassion and the concern that we feel. It was a beautiful moment and I think shell do a first-class job on that commission. So I think the appeal is yes, we care. And the other thing is part of AIDS  its one of the few diseases where behavior matters. And I once called on somebody, Well, change your behavior. Is the behavior youre using prone to cause AIDS? Change the behavior. Next thing I know, one of these ACT UP groups is out saying, Bush ought to change his behavior. You cant talk about it rationally. The extremes are hurting the AIDS cause. To go into a Catholic mass in a beautiful cathedral in New York under the cause of helping in AIDS and start throwing condoms around in the mass, Im sorry, I think it sets back the cause. We cannot move to the extreme. Weve got to care. Weve got to continue everything we can at the federal and the local level. Barbara I think is doing a superb job in destroying the myth about AIDS. And all of us are in this fight together, all of us care. Do not go to the extreme."}, {"actor": "descriptor", "dialogue": "(APPLAUSE)"}, {"actor": "Lehrer", "dialogue": "One minute, Mr. Perot."}, {"actor": "Perot", "dialogue": "First, I think Mary Fisher was a great choice. Were lucky to have her heading the commission. Secondly, I think one thing that if I were sent to do the job, I would sit down with FDA, look at exactly where we are. Then I would really focus on lets get these things out. If youre going to die, you dont have to go through this ten-year cycle that FDA goes through on new drugs. Believe me, people with AIDS are more than willing to take that risk. And we could be moving out to the human population a whole lot faster than we are on some of these new drugs. So I would think we can expedite the problem there. Let me go back a minute to racial divisiveness. The all- time low in our country was the Judge Thomas-Anita Hill hearings, and those senators ought to be hanging their heads in shame for what they did there. 2nd thing, there are not many times in your life when you get to talk to a whole country. But let me just say to all of America: if you hate people, I dont want your vote. Thats how strongly I feel about it."}, {"actor": "descriptor", "dialogue": "(APPLAUSE)"}, {"actor": "Lehrer", "dialogue": "Governor Clinton, one minute."}, {"actor": "Clinton", "dialogue": "Over 150,000 Americans have died of AIDS. Well over a million and a quarter Americans are HIV-positive. We need to put one person in charge of the battle against AIDS to cut across all the agencies that deal with it. We need to accelerate the drug approval process. We need to fully fund the act named for that wonderful boy Ryan White to make sure were doing everything we can on research and treatment. And the president should lead a national effort to change behavior, to keep our children alive in the schools, responsible behavior to keep people alive. This is a matter of life and death. I have worked in my state to reduce teen pregnancy and illness among children. I know its tough. The reason Magic Johnson resigned from the AIDS Commission is because the statement you heard tonight from Mr. Bush is the longest and best statement hes made about it in public. I am proud of what we did at the Democratic Convention, putting 2 HIV-positive people on the platform, and I am proud of the leadership that Im going to bring to this country in dealing with the AIDS crisis."}, {"actor": "descriptor", "dialogue": "(APPLAUSE)"}, {"actor": "Lehrer", "dialogue": "New question for Mr. Perot. You have 2 minutes to answer, and Ann will ask it."}, {"actor": "Compton", "dialogue": "Mr. Perot, even if youve got what people say are the guts to take on changes in the most popular, the most sacred of the entitlements, Medicare, people say you havent a prayer of actually getting anything passed in Washington."}, {"actor": "Perot", "dialogue": "Two ways. Number one, if I get there, it will be a very unusual and historical event because the people, not the special interests, put me there. I will have a unique mandate. I have said again and again, and this really upsets the establishment in Washington, that were going to inform the people in detail on the issues through an electronic town hall so that they really know whats going on. They will want to do whats good for our country. because were going to get rid of them, and the Congress will be listening to the people. And the American people are willing to have fair, shared sacrifice. Theyre not as stupid as Washington thinks they are. The American people are bright, intelligent, caring, loving people who want a great country for their children and grandchildren. And they will make those sacrifices. because if the American people send me there, well get it done. Now, everybody will faint in Washington. Theyve never seen anything happen in that town. This is a town where the White House says, Congress did it; Congress says, the White House did it. And Im sitting there and saying, well, who else could be around, you know? Then when they get off by themselves, they say nobody did it. And yet the cash registers empty and it used to have our money, the taxpayers money, in it, and we didnt get the results. No, well get it done."}, {"actor": "descriptor", "dialogue": "(APPLAUSE)"}, {"actor": "Lehrer", "dialogue": "Governor, one minute."}, {"actor": "Clinton", "dialogue": "Ross, thats a great speech, but its not quite that simple. I mean, look at the facts. Both parties in Washington, the president and the Congress, have cut Medicare. The average senior citizen is spending a higher percentage of income on health care today than they were in 1965, before Medicare came in. The presidents got another proposal to require them to pay $400 a year more for the next 5 years. But if you dont have the guts to control costs by changing the insurance system and taking on the bureaucracies and the regulation of health care in the private and public sector, you cant fix this problem. Costs will continue to spiral. And just remember this, folks. A lot of folks on Medicare are out there every day making the choice between food and medicine; not poor enough for Medicare-Medicaid, not wealthy enough to buy their medicine. Ive met them, people like Mary Annie and Edward Davis in Nashua, New Hampshire. All over this country, they cannot even buy medicine. So lets be careful. When we talk about cutting health care costs, lets start with the insurance companies and the people that are making a killing instead of making our people healthy."}, {"actor": "descriptor", "dialogue": "(APPLAUSE)"}, {"actor": "Lehrer", "dialogue": "One minute, President Bush."}, {"actor": "Bush", "dialogue": "Well, first place, Id like to clear up something because every 4 years, the Democrats go around and say, Republicans are going to cut Social Security and Medicare. They started it again. Im the president that stood up and said, dont mess with Social Security, and Im not going to and we havent and we are not going to go after the Social Security recipient. I have one difference with Mr. Perot on that because I dont think we need to touch Social Security. What we do need to do, though, is control the growth of these mandatory programs. And Ross properly says, okay, theres some pain in that. But Governor Clinton refuses to touch that, simply refuses. So what weve got to do is control it, let it grow for inflation, let it grow for the amount of new people added, population, and then hold the line. And I believe that is the way you get the deficit down, not by the tax-and-spend program that we hear every 4 years, whether its Mondale, Dukakis, whoever else it is. I just dont believe we ought to do that. So hold the line on Social Security and put a cap on the growth of the mandatory program."}, {"actor": "Lehrer", "dialogue": "New question, it is for Governor Clinton, 2 -minute answer. Sandy will ask it."}, {"actor": "Vanocur", "dialogue": "Governor Clinton, Ann Compton has brought up Medicare. I remember in 1965, when Wilbur Mills of Arkansas, the chairman of Ways and Means, was pushing it through the Congress. The charge against it was its socialized medicine."}, {"actor": "Clinton", "dialogue": "Mr. Bush made that charge."}, {"actor": "Vanocur", "dialogue": "Well, he served with him 2 years later, in 1967, where I first met him. The 2nd point, though, is that it is now skyrocketing out of control. People want it. We say its going bonkers."}, {"actor": "Clinton", "dialogue": "I thought the Oregon plan should at least have been allowed to be tried because at least the people in Oregon were trying to do something. Let me go back to the main point, Sandy. Mr. Bush is trying to run against Lyndon Johnson and Jimmy Carter and everybody in the world but me in this race. I have proposed a managed competition plan for health care. I will say again: you cannot control health care costs simply by cutting Medicare. Look whats happened. The federal government has cut Medicare and Medicaid in the last few years, states have cut Medicaid  weve done it in Arkansas under budget pressures. But what happens? More and more people get on the rolls as poverty increases. If you dont control the health care costs of the entire system, you cannot get control of it. Look at our program. We set up a national ceiling on health care costs tied to inflation and population growth set by health care providers, not by the government. We provide for managed competition, not government models, in every states. And we control private and public health care costs. Now, just a few days ago a bipartisan commission of Republicans and Democrats  more Republicans than Democrats  said my plan will save the average family $1200 a year more than the Bush plan will by the year 2000, $2.2 trillion in the next 12 years, $400 billion a year by the end of this decade. Ive got a plan to control health care costs. But you cant just do it by cutting Medicare; you have to take on the insurance companies, the bureaucracies. And you have to have cost controls, yes. But keep in mind we are spending 30% more on health care than any country in the world, any country, and yet we have 35 million people uninsured, we have no preventing and primary care. The Oregon plan is a good start if the federal government is going to continue to abandon its responsibilities. I say if Germany can cover everybody and keep costs under inflation, if Hawaii can cover 98% of their people at lower health care costs than the rest of us, if Rochester, New York, can do it with two-thirds of the cost of the rest of it, America can do it, too. Im tired of being told we cant. I say we can. We can do better, and we must."}, {"actor": "descriptor", "dialogue": "(APPLAUSE)"}, {"actor": "Lehrer", "dialogue": "President Bush, one minute."}, {"actor": "Bush", "dialogue": "Well, I dont have time in 30 seconds, or whatever  a minute  to talk about our health care reform plan. The Oregon plan made some good sense, but its easy to dismiss the concerns of the disabled. As president I have to be sure that those waivers, which were approving all over the place, are covered under the law. Maybe we can work it out. But the Americans with Disabilities Act, speaking about sound and sensible civil rights legislation, was the most foremost piece of legislation passed in modern times, and so we do have something more than a technical problem. Governor Clinton clicked off the things  hes going to take on insurance companies and bureaucracies. He failed to take on somebody else  the malpractice suit people, those that bring these lawsuits against  these frivolous trial lawyers lawsuits that are running the costs of medical care up 25 to 50 billion. And he refuses to put anything, controls, on these crazy lawsuits. If you want to help somebody, dont run the costs up by making doctors have to have 5 or 6 tests where one would do for fear of being sued, or have somebody along the highway not stop to pick up a guy and help him because hes afraid a trial lawyer will come along and sue him. Were suing each other too much and caring for each other too little."}, {"actor": "descriptor", "dialogue": "(APPLAUSE)"}, {"actor": "Lehrer", "dialogue": "Mr. Perot, one minute."}, {"actor": "Perot", "dialogue": "We got the most expensive health care system in the world; it ranks behind 15 other nations when we come to life expectancy, and 22 other nations when we come to infant mortality. So we dont have the best. Well, we can do better than that. Again, weve got plans lying all over the place in Washington. Nobody ever implements them. Now Im back to square one. If you want to stop talking about it and do it, then Ill be glad to go up there and well get it done. But if you just want to keep the music going, just stay traditional this next time around, and 4 years from now youll have everybody blaming everybody else for a bad health care system. Talk is cheap; words are plentiful, deeds are precious. Lets get on with it."}, {"actor": "descriptor", "dialogue": "(APPLAUSE)"}, {"actor": "Lehrer", "dialogue": "And thats exactly what were going to do. That was, in fact, the final question and answer. Were now going to move to closing statements. Each candidate will have up to 2 minutes. The order, remember, was determined by drawing, and Mr. Perot, you are first."}, {"actor": "Perot", "dialogue": "Well, its been a privilege to be able to talk to the American people tonight. I make no bones about it. I love this country. I love the principle its founded on. I love the people here. I dont like to see the countrys principles violated. I dont like to see the people in a deteriorating economy in a deteriorating country because our government has lost touch with the people. The people in Washington are good people. We just have a bad system. Weve got to change the system. Its time to do it because we have run up so much debt that time is no longer our friend. Weve got to put our house in order. When you go to bed tonight, look at your children. Think of their dreams. Think of your dreams as a child and ask yourself, isnt it time to stop talking about it? Isnt it time to stop creating images? Isnt it time to do it? Arent you sick of being treated like an unprogrammed robot? Every 4 years, they send you all kinds of messages to tell you how to vote and then go back to business as usual. They told you at the tax and budget summit that if you agreed to a tax increase, we could balance the budget. They didnt tell you that that same year they increased spending $1.83 for every dollar we increased taxes. Thats Washington in a nutshell right there. In the final analysis, Im doing this for your children when you look at them tonight. Theres another group that I feel very close to, and these at the men and women who fought on the battlefield, the children  the families  of the ones who died and the people who left parts of their bodies over there. Id never ask you to do anything for me, but I owe you this, and Im doing it for you. And I cant tell you what it means to me at these rallies when I see you and you come up and the look in your eyes  and I know how you feel and you know how I feel. And then I think of the older people who are retired. They grew up in the Depression. They fought and won World War II. We owe you a debt we can never repay you. And the greatest repayment I can ever give is to recreate the American dream for your children and grandchildren. Ill give you everything I have, if you want me to do it."}, {"actor": "descriptor", "dialogue": "(APPLAUSE)"}, {"actor": "Lehrer", "dialogue": "Governor Clinton, your closing statement."}, {"actor": "Clinton", "dialogue": "Id like to thank the people of St. Louis and Washington University, the Presidential Debate Commission and all those who made this night possible. And Id like to thank those of you who are watching. Most of all, Id like to thank all of you who have touched me in some way over this last year, all the thousands of you whom Ive seen. Id like to thank the computer executives and the electronics executives in Silicon Valley, two-thirds of whom are Republicans who said they wanted to sign on to a change in America. Id like to thank the hundreds of executives who came to Chicago, a third of them Republicans, who said they wanted to change. Id like to thank the people whove started with Mr. Perot whove come on to help our campaign. Id like to thank all the folks around America that no one ever knows about  the woman that was holding the AIDS baby she adopted in Cedar Rapids, Iowa who asked me to do something more for adoption; the woman who stopped along the road in Wisconsin and wept because her husband had lost his job after 27 years; all the people who are having a tough time and the people who are winning but who know how desperately we need to change. This debate tonight has made crystal clear a challenge that is as old as America  the choice between hope and fear, change or more of the same, the courage to move into a new tomorrow or to listen to the crowd who says things could be worse. Mr. Bush has said some very compelling things tonight that dont quite square with the record. He was president for 3 years before he proposed a health care plan that still hasnt been sent to Congress in total; three years before an economic plan, and he still didnt say tonight that that tax bill he vetoed raised taxes only on the rich and gave the rest of you a break  but he vetoed it anyway. I offer a new direction. Invest in American jobs, American education, control health care costs, bring this country together again. I want the future of this country to be as bright and brilliant as its past, and it can be if we have the courage to change."}, {"actor": "descriptor", "dialogue": "(APPLAUSE)"}, {"actor": "Lehrer", "dialogue": "President Bush, your opposing statement."}, {"actor": "Bush", "dialogue": "Let me tell you a little what its like to be president. In the Oval Office, you cant predict what kind of crisis is going to come up. You have to make tough calls. You cant be on one hand this way and one hand another. You cant take different positions on these difficult issues. And then you need a philosophical  Id call it a philosophical underpinning. Mine for foreign affairs is democracy and freedom, and look at the dramatic changes around the world. The Cold War is over. The Soviet Union is no more and were working with a democratic country. Poland, Hungary, Czechoslovakia, the Baltics are free. Take a look at the Middle East. We had to stand up against a tyrant. The US came together as we havent in many, many years. And we kicked this man out of Kuwait. And in the process, as a result of that will and that decision and that toughness, we now have ancient enemies talking peace in the Middle East. Nobody would have dreamed it possible. And I think the biggest dividend of making these tough calls is the fact that we are less afraid of nuclear war. Every parent out there has much less worry that their kids are going to be faced with nuclear holocaust. All this is good. On the domestic side, what we must do is have change that empowers people  not change for the sake of change, tax and spend. We dont need to do that any more. What we need to do is empower people. We need to invest and save. We need to do better in education. We need to do better in job retraining. We need to expand our exports, and theyre going very, very well, indeed. And we need to strengthen the American family. I hope as president that Ive earned your trust. Ive admitted it when I make a mistake, but then I go on and help, try to solve the problems. I hope Ive earned your trust because a lot of being president is about trust and character. And I ask for your support for 4 more years to finish this job. Thank you very, very much."}, {"actor": "descriptor", "dialogue": "(APPLAUSE)"}, {"actor": "Lehrer", "dialogue": "Dont go away yet. I just want to thank the three panelists and thank the three candidates for participating  President Bush, Governor Clinton and Mr. Perot. They will appear again together on October the 15th and again on October 19th, and next Tuesday there will be a debate among the three candidates for vice president. And for now, from Washington University in St. Louis, Missouri, Im Jim Lehrer. Thank you, and good night."}, {"actor": "descriptor", "dialogue": "(APPLAUSE)"}], "date": ["Part", "2", "1992"]}