{"content": [{"actor": "Lehrer", "dialogue": "Good evening. On behalf of the Commission on Presidential Debates I am pleased to welcome you to this first presidential debate of the 1988 campaign. Im Jim Lehrer of the McNeil-Lehrer News Hour. My colleagues on the panel are John Mashek of The Atlanta Journal-Constitution; Ann Groer of The Orlando Sentinel; and Peter Jennings of ABC News. For the next 90 minutes we will be questioning the candidates for president of the United States following a format designed and agreed to by representatives of the two candidates. The candidates are Vice President George Bush, the Republican nominee; Governor Michael Dukakis, the Democratic nominee."}, {"actor": "descriptor", "dialogue": "(Applause)"}, {"actor": "Lehrer", "dialogue": "Our questions this evening will be about equally divided between foreign and domestic policy matters. The first question by agreement between the two candidates goes to Vice President Bush. It is a domestic question. You have two minutes for an answer, sir. The polls say the number one domestic issue to a majority of voters is drugs. What is there about these times that drives or draws so many Americans to use drugs?"}, {"actor": "Bush", "dialogue": "I think weve seen a deterioration of values. I think for a while as a nation we condoned those things we should have condemned. For a while, as I recall, it even seems to me that there was talk of legalizing or decriminalizing marijuana and other drugs, and I think thats all wrong. So weve seen a deterioration in values, and one of the things that I think we should do about it in terms of cause is to instill values into the young people in our schools. We got away, we got into this feeling that value- free education was the thing. And I dont believe that at all I do believe there are fundamental rights and wrongs as far as use. And, of course, as far as the how we make it better, yes, we can do better on interdiction. But weve got to do a lot better on education, and we have to do, be tougher on those who commit crimes. Weve got to get after the users more. We have to change this whole culture. You know, I saw a movie  Crocodile Dundee. And I saw the cocaine scene treated with humor, as though this was a humorous little incident. And its bad. Everybody ought to be in this thing. Entertainment industry, people involved in the schools, education. And it isnt a Republican or a Democrat or a liberal problem. But we have got to instill values in these young people. And I have put forward a many-point drug program that includes what I would do as president of the United States; in terms of doing better on interdiction; and in terms of better in the neighborhoods. But I think were all in this together, and my plea to the American people is values in the schools."}, {"actor": "Lehrer", "dialogue": "Governor, you have one minute to respond."}, {"actor": "Dukakis", "dialogue": "I agree with Mr. Bush that values are important. But its important that our leaders demonstrate those values from the top. That means those of us who are elected to positions of political leadership have to reflect those values ourselves. Here we are with a government thats been dealing with a drug-running Panamanian dictator. Weve been dealing with him; hes been dealing drugs to our kids. Governors like me and others have been trying to deal with the consequences. I remember being in a high school in my own state as we were organizing something we call the Governors Alliance Against Drugs, and a young 16 year old girl coming up to me, desperate, addicted, dependent, saying, Governor, I need help. Were providing that young woman with help. But I want to be a president of the United States who makes sure that we never again do business with a drug-running Panamanian dictator, that we never again funnel aid to the contras through convicted drug dealers. Values begin at the top, in the White House. Those are the values I want to bring to the presidency and to the White House beginning in January of 1989."}, {"actor": "Lehrer", "dialogue": "Governor, a follow-up question. You have two minutes to answer it. Are you suggesting, sir, that President Reagan is one of the causes of the drug problem in this country?"}, {"actor": "Dukakis", "dialogue": "Im saying that those of us who are elected to positions of political leadership, Jim, have a special responsibility, not only to come up with programs, and I have outlined in detail the very important, very strong program of enforcement as well as drug education prevention. And Mr. Bush is right  the two go hand in hand. But if our government itself is doing business with people who we know are engaged in drug profiteering and drug trafficking, if we dont understand that that sends out a very, very bad message to our young people, its a little difficult for me to understand just how we can reach out to that youngster that I talked about and to young people like her all over the country, and say to them we want to help you. Now, Ive outlined in great detail a program for being tough on enforcement at home and abroad, doubling the number of drug enforcement agents, having a hemispheric summit soon after the 20th of January when we bring our democratic neighbors and allies together here in this hemisphere and go to work together. But we also have to take demand seriously. You know, we have five percent of the worlds population in this country. Were consuming 50 percent of the worlds cocaine. Doing better in the neighborhoods. But I think were all in this together, and my plea to the American people is values in the schools."}, {"actor": "Lehrer", "dialogue": "Governor, you have one minute to respond."}, {"actor": "Dukakis", "dialogue": "I agree with Mr. Bush that values are important. But its important that our leaders demonstrate those values from the top. That means those of us who are elected to positions of political leadership have to reflect those values ourselves. Here we are with a government thats been dealing with a drug-running Panamanian dictator. Weve been dealing with him; hes been dealing drugs to our kids. Governors like me and others have been trying to deal with the consequences. I remember being in a high school in my own state as we were organizing something we call the Governors Alliance Against Drugs, and a young 16 year old girl coming up to me, desperate, addicted, dependent, saying, Governor, I need help. Were providing that young woman with help. But I want to be a president of the United States who makes sure that we never again do business with a drug-running Panamanian dictator, that we never again funnel aid to the contras through convicted drug dealers. Values begin at the top, in the White House. Those are the values I want to bring to the presidency and to the White House beginning in January of 1989."}, {"actor": "Lehrer", "dialogue": "Governor, a follow-up question. You have two minutes to answer it. Are you suggesting, sir, that President Reagan is one of the causes of the drug problem in this country?"}, {"actor": "Dukakis", "dialogue": "Im saying that those of us who are elected to positions of political leadership, Jim, have a special responsibility, not only to come up with programs, and I have outlined in detail the very important, very strong program of enforcement as well as drug education prevention. And Mr. Bush is right  the two go hand in hand. But if our government itself is doing business with people who we know are engaged in drug profiteering and drug trafficking, if we dont understand that that sends out a very, very bad message to our young people, its a little difficult for me to understand just how we can reach out to that youngster that I talked about and to young people like her all over the country, and say to them we want to help you. Now, Ive outlined in great detail a program for being tough on enforcement at home and abroad, doubling the number of drug enforcement agents, having a hemispheric summit soon after the 20th of January when we bring our democratic neighbors and allies together here in this hemisphere and go to work together. But we also have to take demand seriously. You know, we have five percent of the worlds population in this country. Were consuming 50 percent of the worlds cocaine. And in my state Im proud to say weve organized a drug education and prevention program which the Federal Drug Enforcement Administration says is a model for the country. Were helping youngsters; were reaching out to them. And were beginning with drug education and prevention beginning in the early elementary grades in every elementary school in our state, and thats the kind of effort we need in every elementary school in the United States of America. And weve got to begin early, in the first, second and third grade, before our youngsters begin to experiment with these very, very dangerous substances. I guess the question I would ask of Mr. Bush is how we instill those values, how we create this environment for the drug free schools that we want in this country. If he or representatives of the administration are either with or involving people like Noriega in our foreign policy, or dont pursue that connection in a way that makes it possible for us to cut it off and to be an example to our kids all over the country."}, {"actor": "Lehrer", "dialogue": "A minute to rebut, Mr. Vice President."}, {"actor": "Bush", "dialogue": "Well, the other day my opponent was given a briefing by the CIA. I asked for and received the same briefing. I am very careful in public life about dealing with classified information. And what Im about to say is unclassified. Seven administrations were dealing with Mr. Noriega. It was the Reagan-Bush administration that brought this man to justice. And as the governor of Massachusetts knows, there was no evidence that governor  that Mr. Noriega was involved in drugs, no hard evidence until we indicted him. And so I think its about time we get this Noriega matter in perspective. Panama is a friendly country. I went down there and talked to the president of Panama about cleaning up their money laundering, and Mr. Noriega was there, but there was no evidence at that time, and when the evidence was there, we indicted him. And we want to bring him to justice. And so call off all those pickets out there that are trying to tear down seven different administrations."}, {"actor": "Lehrer", "dialogue": "All right, the next question will be asked by John Mashek. It goes to Governor Dukakis, and youll have two minutes to answer."}, {"actor": "Mashek", "dialogue": "Governor Dukakis, another troublesome issue for voters this year is the bulging federal deficit. In a Dukakis administration, you say taxes will be raised only as a last resort. Would you identify for us then please three specific programs that you are willing to cut to bring that deficit down?"}, {"actor": "Dukakis", "dialogue": "Yes, Ive been very specific about those, John. And let me lay out for you my own strategy for bring that deficit down, because as a chief executive thats balanced ten budgets in a row, Ive had to make those tough decisions and those tough choices. First, Ive suggested that there are certain weapons systems which we dont need and we cant afford. Mr. Bush has been critical of me for that, but I think those are the kinds of tough choices you have to make. Ive also suggested that there are weapons systems that we should proceed on, and Ive outlined those in detail. Secondly, weve got to invest in economic growth in this country, in every part of this country. Building that kind of growth expands revenues and helps to bring down that deficit. Thirdly, we have to bring interest rates down, and we will as we come up with a good, solid plan with the Congress for bringing that deficit down. And, finally, weve got to go out there and collect billions and billions of dollars in taxes owed that arent being paid to this country. Its very unfair to the average taxpayer who pays his taxes and pays them on time to permit these monies to go uncollected. Ive also suggested that on the domestic side there are areas where we can make some cuts. We ought to be able to come up with an agricultural policy in this country that gives our farm families a fair price and a decent future without spending $20-25 billion a year, which is what weve been doing under this administration. We can help people to live better lives, and at the same time save money by helping hundreds of thousands of families on welfare to get off or welfare, and to become productive citizens again. The thing I dont understand about Mr. Bushs approach to this is how he could possibly be serious about bringing that deficit down given what he says he wants to do. He seems to want to spend a great deal of money on just about every weapon system; he says hes against new taxes, although hes broken that pledge at least times in the last year that I know of; he wants to give the wealthiest taxpayers in this country a five year, $40 billion tax break. He also wants to spend a lot of money on additional programs. If he keeps this up, hes going to be the Joe Isuzu of American politics."}, {"actor": "descriptor", "dialogue": "(Laughter)"}, {"actor": "Dukakis", "dialogue": "But I hope you wont take my five seconds away from me. I will say this"}, {"actor": "Lehrer", "dialogue": "Your two minutes is up, Governor."}, {"actor": "Dukakis", "dialogue": "If hes serious about what hes saying, then the only place he can go to balance that budget is to raid the Social Security Trust Fund, and he tried that in 1985, and I think hes going to try it again."}, {"actor": "Lehrer", "dialogue": "You have a minute to rebut."}, {"actor": "Bush", "dialogue": "Is this the time to unleash our one-liners? That answer was about as clear as Boston harbor."}, {"actor": "descriptor", "dialogue": "(Laughter)"}, {"actor": "Bush", "dialogue": "Let me help the governor. There are so many things there, I dont quite know where to begin. When you cut capital gains, you put people to work. John Kennedy proposed cutting capital gains. Paul Tsongas, a liberal senator from Massachusetts said the dumbest thing I did was to oppose the capital gains cut. Its not going to cost the government money. Its going to increase revenues to the federal government, and its going to create jobs. So thats one of the things that I think makes a big difference between us. Massachusetts doesnt have an enormous defense budget, but nevertheless, the governor raised taxes five different times. That happens to be a fact. And so lets kind of stay on the issue, and I have made a specific proposal for what I call a flexible freeze. And it permits  economists on the East Coast and West think its good  it permits the president to sort out the priorities, and we continue to grow because I will not raise taxes."}, {"actor": "Lehrer", "dialogue": "Your time is up, too. A follow-up, John."}, {"actor": "Mashek", "dialogue": "Mr. Vice President, you have vowed not to raise taxes of any kind during your administration and at the same time youve proposed this capital gains cut, youve proposed more incentive breaks for the oil industry. Youve suggested new spending programs and even some Republicans say the flexible freeze you just spoke about will hardly make a dent in the deficit. Is the deficit no longer really a concern of yours, the Republican Party or the taxpayers?"}, {"actor": "Bush", "dialogue": "I think its the Republican Party and my concern to bring it down. And presidential leadership that I want to provide in this area will bring it down, but weve got to get the Democrats  Congress under control. They do all the spending, they appropriate every dime and tell us how to spend every dime. Id like to ask the Governor to join in getting for the president what 43 governors have, the line-item veto. He has to operate in Massachusetts under a balanced budget proviso. I would like a balanced budget amendment. But the dynamics of the economy  we cut the taxes and revenues are up by 25 percent in three years. So the problem is  its not that the working is being taxed too little or the person working out  the woman working in some factory being taxed too little. It is that we are continuing to spend too much. So, my formula says grow at the rate of inflation. Permit the president to set the priorities on where we do the spending. And remember the Federal deficit has come down $70 billion in one year, in 1987. And if we  and the  actually this year Congress is doing a little better in controlling the growth of spending. Spending was only up something like 4 percent. So, it isnt that were taking too little  from taxpayer  were spending too much still. And the formula Ive given you works, weve put it through a good economic model, weve got good economists on the West Coast, Michael Boskin and Marty Feldstein up there whos a very respected economist in the  Massachusetts. And they agree, that if we can do what Ive said, we can get it down without going and socking the American taxpayer once again. Capital gains, one more point on that, please lets learn from history. A capital gains differential will increase jobs, increase risk taking, increase revenues to the Federal Government."}, {"actor": "Lehrer", "dialogue": "Governor, you have a minute to rebut."}, {"actor": "Dukakis", "dialogue": "Well, I hope all of those Americans out there who are watching us, listening to us and trying to make up their mind about which one of us ought to be president of the United States listen to the Vice President very carefully. What hes proposing after over a trillion in new debt which has been added in the Federal debt in the course of the past eight years, an IOU our children and grandchildren will be paying for years, is a tax cut for the wealthiest one percent of the people in this country, an average of about $30,000 that were going to give to people making $200,000 a year. Why thats more than the average teacher makes. Weve had enough of that, ladies and gentlemen. Weve run up more debt in the last eight years than under all the presidents from George Washington to Jimmy Carter combined. Its time for a chief executive who can make tough choices, can work with the Congress, can get that deficit down and begin to build a strong fiscal foundation under this country."}, {"actor": "Lehrer", "dialogue": "All right, the next question will be asked by Anne Groer and it will go the Vice President. You have two minutes to answer, sir."}, {"actor": "Groer", "dialogue": "Mr. Vice President, youve said you want a kinder, gentler presidency, one that helps the less fortunate. Today, 37 million Americans including many working families with aging parents and young children cannot afford any health insurance, but earn too much to qualify for Medicaid. What will you do to provide protection for them and how will you pay for it?"}, {"actor": "Bush", "dialogue": "One thing I will not do is sock every business in the country and, thus, throw some people out of work. I want to keep this economic recovery going. More Americans at work today than any time in history, a greater percentage of the work force. What I will do is permit people to buy into Medicaid. I believe thats the answer. I am proud to have been part of an administration that past the first catastrophic health bill. And in that there are some Medicaid provisions that will be very helpful to the very kind of people were talking about here. But weve got to keep going forward without killing off the engine and throwing people out of work. So, the answer lies, it seems to me, in full enforcement of the catastrophic program. It lies to me in flexibility in Medicaid so people at the lowest end can buy in there and get their needs covered and then it also  I do not want to see us mandate across the board that every company has to do this, because I really think that marginal operators are going to go say, We cant make it. And I think then youre going to see that people are put out of work. All these programs  and this cost on his  is  was  I saw an estimate, Id love to know what he thinks, $35  $40 billion  and it seems to me that somebody pays that. There isnt any such thing as something free out there. It either gets passed along as increased prices or it gets passed along by people being put out of work so the business can continue to compete. So, I think we ought to do it in the Medicaid system. I think we ought to do it by full enforcement of the catastrophic health insurance. I think we ought to do it by everybody doing what they can do out of conscience. Its a terrible problems in terms of flexibility on private insurance. But I just dont want to mandate it and risk putting this  setting the recovery back."}, {"actor": "Lehrer", "dialogue": "A rebuttal, Governor?"}, {"actor": "Dukakis", "dialogue": "But, George, thats no answer."}, {"actor": "Bush", "dialogue": "You dont like the answer, but its an answer."}, {"actor": "Dukakis", "dialogue": "Well, no, its no answer to those 37 million people, most of them members of working families who dont have a dime of health insurance and dont know how to pay the bills if their kids get sick at night. I was in Houston on Tuesday meeting with a group of good citizens, working citizens. All of them with little or no health insurance. One of them was a father who had been laid off a few months ago and lost his health insurance. Has an 11 year old son and cant let that son compete in sports and Little League, because hes afraid hes going to get hurt and he wont be able to provide health insurance to pay those bills. My state just became the only state in the nation to provide for universal health care and we did it with the support of the business community and labor and the health care community and with virtually everybody in the state. The fact of the matter is that employers who today are insuring their employees are paying the freight, because theyre paying for those who arent. And I think its time that when you got a job in this country it came with health insurance. Thats the way were going to provide basic health security for all of the citizens of this country of ours."}, {"actor": "Lehrer", "dialogue": "Follow-up, Anne?"}, {"actor": "Groer", "dialogue": "Yes. Since your Massachusetts health plan has been attacked by the Vice President and you have defended it in this way, I would like to move on to perhaps one of the most costly medical catastrophes facing Americans today and that is AIDS. In  at the end of September, the thousands of AIDS patients will lose their access to AZT, which is the only Federally approved drug for treatment of the disease. Now, Id like to now, sir, if  what your position is on extending that and what it is you think the government ought to be doing about making AZT and other drugs available to people who are suffering from this disease."}, {"actor": "Dukakis", "dialogue": "Well, Anne, let me just say before I answer your question that I didnt know that the Vice President attacked our program in Massachusetts. I hope he hasnt. Because has won the support of a great many people all over the state and I think its a model for what I hope we can do across the country. But when I proposed my plan this past Tuesday, he or one of his spokesmen called it socialized medicine. The last time the Vice President used that phrase, I suspect he remembers it, dont you? It was in 1964 and thats what he called Medicare. Well, he was wrong then and hes wrong now. (Applause)"}, {"actor": "Lehrer", "dialogue": "If I may interrupt at this point and caution the audience as I did before we went on the air, please hold it down. Youre only taking time away from your candidate when you do that. Governor, continue, please."}, {"actor": "Dukakis", "dialogue": "Let me say this about AIDS. Its the single most important public health crisis, single most important public health emergency weve had in our lifetimes and I think there are a number of things we have to do including supporting legislation which is now moving through the Congress, which will commit this nation to the resources to find a cure which will provide broad education and prevention, which will provide sensitive and caring treatment for the victims of AIDS. I think we have to demonstrate some flexibility and I think the FDA is attempting to do so now in trying to make it possible for new and experimental drugs to be available to people who are at risk at AIDS and I would hope that we could bring that kind of a policy to bear beginning in January. And I would encourage the current administration to proceed with that kind of flexibility where its appropriate and where its done carefully and responsibly. But we have not had the kind of leadership we should have had. In this particular area, I think the Vice President and I are in general agreement on what we have to do. The special Federal commission made good solid recommendations. I think were both supportive of them and I would strongly lead in that area as I have in my state as Governor."}, {"actor": "Lehrer", "dialogue": "Mr. Vice President, a minute of rebuttal."}, {"actor": "Bush", "dialogue": "Well, were on the right track. The NIH is doing a good job in research. The Surgeon General is doing a good job in encouraging the proper kind of education. I notice that the Governor did not mention any testing. But we got to have a knowledge base. Testing should be confidential, but we have to have a knowledge. We cant simply stick our heads in the sands in terms of testing. Im Chairman of the Presidents Task Force on Regulatory Relief and we are working with the FDA and they have sped up bringing drugs to market that can help. And you got to be careful here, because theres a safety factor, but I think these things  and then also I am one who believes weve got to go the extra mile in clean  being sure that that blood supply is pure. We cannot have a lack of confidence in the blood supply when it comes to operations and surgery and things of this nature. So, research, speeding the drugs to market, testing, blood supply are very important elements of this."}, {"actor": "Lehrer", "dialogue": "Next question will be asked by Peter Jennings. It goes to the Governor."}, {"actor": "Jennings", "dialogue": "Good evening, Mr. Vice President, Governor. Governor, one theme that keeps coming up about the way you govern  youve both mentioned leadership tonight, so Id like to stay with that for a second. The theme that keeps coming up about the way you govern is passionless, technocratic"}, {"actor": "Dukakis", "dialogue": "Passionless?"}, {"actor": "Jennings", "dialogue": "Passionless, technocratic, the smartest clerk in the world. Your critics maintain that in the 1960s your public passion was not the war in Vietnam or civil rights, but no fault auto insurance. And they say in the 1970s you played virtually no role in the painful busing crisis in Boston. Given the fact that a president must sometimes lead by sheer inspiration and passion. We need to know if this is a fair portrait of your governing or if it is a stereotype. And if it isnt fair, give us an example of where you have had that passion and leadership that sometimes a president needs?"}, {"actor": "Lehrer", "dialogue": "Mr. Vice President, a rebuttal."}, {"actor": "Bush", "dialogue": "Well, I dont question his passion. I question  and I dont question his concern about the war in Vietnam. He introduced or supported legislation back then that suggested that kids of Massachusetts should be exempt from going overseas in that war. Now, thats a certain passion that in my view its misguided passion. He  we have a big difference on issues. You see, last year in the primary, he expressed his passion. He said, I am a strong liberal Democrat  August, 87. Then he said, I am a card-carrying member of the ACLU. That was what he said. He is out there on out of the mainstream. He is very passionate. My argument with the governor is, do we want this country to go that far left. And I wish we had time to let me explain. But I salute him for his passion. We just have a big difference on where this country should be led, and in what direction it ought to go."}, {"actor": "descriptor", "dialogue": "(Applause)"}, {"actor": "Lehrer", "dialogue": "Peter, a question? Question for the vice president, Peter."}, {"actor": "Jennings", "dialogue": "Id actually like to follow up if I may on this mention youve made of his card carrying membership in the American Civil Liberties Union. Youve used the phrase card carrying so many times since Governor Dukakis first acknowledged that he was a card carrying member of the ACLU that some people have come to believe that youve used it to brand him in some way, to identify him as people were identified in the 1950s as less than patriotic. Id like to know why you keep repeating the phrase, and whats the important issue here? What is so wrong with the governor being a member of an organization which has come to the defense of, among other people, Colonel Oliver North?"}, {"actor": "Bush", "dialogue": "Nothings wrong with it. But just take a look at the positions of the ACLU. But, Peter, please understand, the liberals do not like me talking about liberal They dont like it when I say that he says hes a card carrying member. Now, if that quote was wrong, he can repudiate it, right here. Ive seen it authoritatively written twice, and if Ive done him an injustice, and he didnt say it, Im very, very sorry. But I dont agree with a lot of  most of the positions of the ACLU. I simply dont want to see the ratings on movies. I dont want my ten year old grandchild to go into an X-rated movie. I like those ratings systems. I dont think theyre right to try to take the tax exemption away from the Catholic Church. I dont want to see the kiddie pornographic laws repealed; I dont want to see under God come out from our currency. Now, these are all positions of the ACLU. And I dont agree with them. He has every right to exercise his passion, as what he said, a strong, progressive liberal. I dont agree with that. I come from a different point. And I think Im more in touch with the mainstream of America. They raised the same thing with me on the Pledge of Allegiance. You see, Id have found a way to sign that bill. Governor Thompson of Illinois did. Im not questioning his patriotism. He goes out and says the man is questioning my patriotism. And then all the liberal columnists join in. I am not. I am questioning his judgment on these matters, or where hes coming from He has every right to do it. But I believe thats not what the American people want, and when he said, when he said at the convention, ideology doesnt matter, just competence, he was moving away from his own record, from what his passion has been over the years. And thats all Im trying to do, is put it in focus. And I hope people dont think that Im questioning his patriotism when I say he used his words to describe his participation in that organization."}, {"actor": "Lehrer", "dialogue": "Governor, a response."}, {"actor": "Dukakis", "dialogue": "Well, I hope this is the first and last time I have to say this. Of course, the vice president is questioning my patriotism. I dont think theres any question about that, and I resent it. I resent it. My parents came to this country as immigrants. They taught me that this was the greatest country in the world. Im in public service because I love this country. I believe in it. And nobodys going to question my patriotism as the vice president has now repeatedly. The fact of the matter is if the Pledge of Allegiance was the acid test of ones patriotismthe vice presidents been the presiding officer in the United States Senate for the past seven and a half years. To the best of my knowledge hes never once suggested that a session of the Senate begin with the Pledge of Allegiance."}, {"actor": "descriptor", "dialogue": "(Applause)"}, {"actor": "Dukakis", "dialogue": "Mr. Bush, I dont question your patriotism. When youre attacked for your military record, I immediately said it was inappropriate, it had no place in this campaign, and I rejected it. I would hope that from this point on, we get to the issues that affect the vast majority of Americans, jobs, schools, health care, housing, the environment. Those are the concerns of the people that are watching us tonight. Not labels that we attach to each other, questions about each others patriotism and loyalty."}, {"actor": "Lehrer", "dialogue": "The time is up, governor. Lets go now to John Mashek, again. A question for the vice president."}, {"actor": "Mashek", "dialogue": "Mr. Vice President, in a debate during the Republican primaries, you said most of the nations homeless are suffering from mental illness, an assertion immediately challenged by one of your rivals. Estimates of the homeless range from a low of 250,000 by the government, to around three million, including working families and their children. What commitment are you willing to make tonight to this voiceless segment of our society?"}, {"actor": "Bush", "dialogue": "I want to see the McKinney Act fully funded. I believe that that would help in terms of shelter. I want to see  when I talked at our convention about a thousand points of light, I was talking about the enormous numbers of shelters and organizations that help. The governors wife has been very active in the homeless. My campaign chairman, Secretary Jim Bakers wife. This isnt government. These are people that care, that are trying to give of themselves. The government has a role. It is to fully fund the McKinney Act. There are certain army bases that the act calls for that can be used in certain cases to shelter people when its rough. And so I think that were on the right track. I dont see this, incidentally, as a Democrat or a Republican or a liberal or conservative idea. I see an involvement by a thousand points of light. I see the funding that is required, and I hope the Congress will fully fund this bill. They gave it a great deal of conscience and a great deal of work. And were on the track on this one. But  and I, look, mental  that was a little overstated it. Id say around 30 percent. And I think maybe we could look back over our shoulders and wonder whether it was right to let all those mental patients out. Maybe we need to do a better job in mental clinics to help them. Because there is a major problem there. A lot of them are mentally sick. And weve got to attend to them. But fully, my short range answer is fully fund that McKinney Act."}, {"actor": "Lehrer", "dialogue": "Governor, a response."}, {"actor": "Dukakis", "dialogue": "Well, this is another fundamental difference that I have with the vice president, just as I do in the case of health care for 37 million members of working families in this country who dont have health insurance. The problem, Mr. Bush, is that youve cut back by 90 percent on our commitment to affordable housing for families of low and moderate income. And when you do that, youve have homeless families. We didnt have two and a half million, or three million homeless people living on streets and in doorways in this country ten years ago. Weve got to begin to get back to the business of building and rehabilitating housing for families of low and moderate income in this country; housing for young families that they can look forward some day to buy. Weve got communities in this country increasingly where our own kids cant afford to live in the communities that they grew up in. Thats an essential commitment. And I think the housing community is ready. But its going to take a president whos committed to housing, whos had experience in building and rehabilitating housing who understands that affordable housing for families of low and moderate income, for young families, first time home buyers, is an essential part of the American dream. And while Im all for the McKinney bill, that, by itself, simply wont do. Weve got to have a president that can lead on this issue, that can work with the Congress, and Im prepared to do so. This is one of the most important priorities that faces this country."}, {"actor": "Lehrer", "dialogue": "John, a question for the governor."}, {"actor": "Mashek", "dialogue": "Governor, youve mentioned the American dream of home ownership, and its certainly become an impossible one for many of the young people of our nation who are caught up in this economic squeeze of the middle class, as youve said so frequently during the campaign. And yet in spite of your answer just a few minutes ago, what promise can you realistically hold out to these people that with the costs of housing going up, and with limited help available from Washington, are we destined to become a nation of renters?"}, {"actor": "Dukakis", "dialogue": "Well, I certainly hope not. And its all a question of what our priorities are. Mr. Bush talked about values. I agree with him. What are our values? Isnt providing housing for families of low and moderate income, isnt it making possible for young families, first time home buyers to own their own home some day something thats part of the American dream? I think so. You know, back after World War II when we had hundreds of thousands of GIs who came back from the war, we didnt sit around. We went out and built housing. The government was very much involved; so was the housing industry; so was the banking industry; so were housing advocates; so were non-profit agencies; so were governors and mayors and people all over this country who believe deeply in home ownership and affordable housing. Now, thats the kind of leadership that I want to provide as president of the United States. This isnt a question of a little charity for the homeless. This is a question of organizing the housing community. Ive talked to bankers and builders and developers, the housing advocates, community development agencies, and they want leadership from Washington. Washington, by itself, cant do it all. We shouldnt expect that. But governors are ready; mayors are ready. Builders and community leaders are ready. It will require some funds, John. And we ought to be prepared to provide those funds. But that, too, will require some choices. Mr. Bush wants to spend billions and trillions on Star Wars. Well, thats a choice we have to make, isnt it? Do we spend money on that weapon system in the billions and trillions, or is providing some decent and affordable housing for families of this country something that is at least as important and probably more so. Because its so essential to our economic strength and to our future. Now, thats the kind of presidency I believe in. And simply to say, well, the McKinney bill will do it just doesnt do. We need a president who will lead on this issue, who has had experience on this issue. Its the kind of priority that will be at the top of our list beginning in January of 1989."}, {"actor": "Lehrer", "dialogue": "A response, Mr. Vice President."}, {"actor": "Bush", "dialogue": "I think the governor is blurring housing and the homeless. Lets talk about housing which the question was. When you talk to those bankers, did they discuss where interest rates were when your party controlled the White House? Ten days before I took the oath of office as president they were 21 and a half percent. Now, how does that grab you for increasing housing? Housing is up. We are serving a million more families now. But were not going to do it in that old Democratic, liberal way of trying to build more bricks and mortars. Go out and take a look at St. Louis at some of that effort. It is wrong. I favor home ownership. I want to see more vouchers. I want to see control of some of these projects, and I want to keep the interest rates down. Theyre half, now of what they were when we came into office, and with my policy of getting this deficit under control, theyll be a lot less. But if we spend and spend and spend, that is going to wrap up the housing market, and well go right back to the days of the misery index and malaise that President Reagan and I have overcome  thank God for the United States on that one."}, {"actor": "Lehrer", "dialogue": "All right, the next question is to the governor. Ann Groer will ask it."}, {"actor": "Groer", "dialogue": "Governor Dukakis, is there a conflict between your opposition to the death penalty and your support for abortion on demand, even though in the minds of many people, thats also killing?"}, {"actor": "Dukakis", "dialogue": "No, I dont think there is. There are two very different issues here, and theyve got to be dealt with separately. Im opposed to the death penalty. I think everybody knows that. Im also very tough on violent crime. And thats one of the reasons why my state has cut crime by more than any other industrial state in America. Its one of the reasons why we have the lowest murder rate of any industrial state in the country. Its one of the reasons why we have a drug education and prevention program that is reaching out and helping youngsters all over our state, the kind of thing I want to do as president of the United States. You know, the vice president says he wants to impose the death penalty on drug traffickers, and yet his administration has a federal furlough program which is one of the most permissive in the country, which gave last year 7,000 furloughs to drug traffickers and drug pushers, the same people that he says he now wants to execute. The issue of abortion is a very difficult issue, one that I think that we all have to wrestle with, we have to come to terms with. I dont favor abortion. I dont think its a good thing. I dont think most people do. The question is who makes the decision. And I think it has to be the woman, in the exercise of her own conscience and religious beliefs, that makes that decision."}, {"actor": "Lehrer", "dialogue": "Response, Mr. Vice President."}, {"actor": "Bush", "dialogue": "Well, the Massachusetts furlough program was unique. It was the only one in the nation that furloughed murderers who had not served enough time to be eligible for parole. The federal program doesnt do that. No other state programs do that. And I favor the death penalty. I know its tough and honest people can disagree. But when a narcotics wrapped up guy goes in and murders a police officer, I think they ought to pay with their life. And I do believe it would be inhibiting. And so I am not going to furlough men like Willie Horton, and I would meet with their, the victims of his last escapade, the rape and the brutalization of the family down there in Maryland. Maryland would not extradite Willie Horton, the man who was furloughed, the murderer, because they didnt want him to be furloughed again. And so we have a fundamental difference on this one. And I think most people know my position on the sanctity of life. I favor adoption. I do not favor abortion."}, {"actor": "Lehrer", "dialogue": "Question for the vice president, Ann?"}, {"actor": "Groer", "dialogue": "Yes. Mr. Vice President, Id like to stay with abortion for just a moment if I might. Over the years you have expressed several positions, while opposing nearly all forms of government payment for it. You now say that you support abortion only in cases of rape, incest, or threat to a mothers life, and you also support a constitutional amendment that if ratified would outlaw most abortions. But if abortions were to become illegal again, do you think that the women who defy the law and have them anyway, as they did before it was okayed by the Supreme Court, and the doctors who perform them should go to jail?"}, {"actor": "Bush", "dialogue": "I havent sorted out the penalties. But I do know, I do know that I oppose abortion. And I favor adoption. And if we can get this law changed, everybody should make the extraordinary effort to take these kids that are unwanted and sometimes aborted, take the  let them come to birth, and then put them in a family where they will be loved. And you see, yes, my position has evolved. And its continuing to evolve, and its evolving in favor of life. And I have had a couple of exceptions that I support  rape, incest and the life of the mother. Sometimes people feel a little uncomfortable talking about this, but its much clearer for me now. As Ive seen abortions sometimes used as a birth control device, for heavens sakes. See the millions of these killings accumulate, and this is one where you can have an honest difference of opinion. We certainly do. But no, Im for the sanctity of life, and once that illegality is established, then we can come to grips with the penalty side, and of course theres got to be some penalties to enforce the law, whatever they may be."}, {"actor": "Lehrer", "dialogue": "Governor."}, {"actor": "Dukakis", "dialogue": "Well, I think what the vice president is saying is that hes prepared to brand a woman a criminal for making this decision. Its as simple as that. I dont think its enough to come before the American people who are watching us tonight and say, well, I havent sorted it out. This is a very, very difficult and fundamental decision that all of us have to make. And what he is saying, if I understand him correctly, is that hes prepared to brand a woman a criminal for making this choice."}, {"actor": "Bush", "dialogue": "I just"}, {"actor": "Dukakis", "dialogue": "Let me finish. Let me simply say that I think it has to be the woman in the exercise of her own conscience and religious beliefs that makes that decision, and I think thats the right approach, the right decision, and I would hope by this time that Mr. Bush had sorted out this issue and come to terms with it as I have. I respect his right to disagree with me. But I think its important that we have a position, that we take it, and we state it to the American people."}, {"actor": "Lehrer", "dialogue": "Peter Jennings, a question for the vice president."}, {"actor": "Jennings", "dialogue": "Mr. Vice President, Im struck by your discussion of women and the sanctity of life. And it leads me to recall your own phrase, that you are haunted by the lives which children in our inner cities live. Certainly the evidence is compelling. Theres an explosion of single parent families. And by any measure, these single parent families, many with unwanted children, are the source of poverty, school drop outs, crime, which many people in the inner city simply feel is out of control. If it haunts you so, why over the eight years of the Reagan-Bush administration have so many programs designed to help the inner cities been eliminated or cut?"}, {"actor": "Bush", "dialogue": "One of the reasons, and I first would like to know which programs youre talking about, and then we could talk on the merits of the programs. But, you see, my fundamental philosophy is give local and state government as much control as possible. That might be the explanation, if you tell me the program. I do strongly support the WIC program. I think it is good. I think part of the answer to this haunting of these children that are out there and suffering lies in extension of Medicaid, to challenge the states, and maybe were going to have to enforce more on the states in terms of Medicaid taking care of these. But, Peter, so much of it is, gets into a whole other phase of things. The neighborhood, the kind of environment people are growing up in, and that leads me to the programs Im talking about in terms of education. I think that part of it is the crime infested neighborhoods, and thats why Im a strong believer in trying to control crimes in the neighborhood, why I was so pleased to be endorsed by the policemen on the beat, the Boston Police Department the other day. I think they understand my commitment to helping them in the neighborhoods. And so its a combination of these things. But do not erode out of the system the thousand points of light. The people that are out there trying to help these kids, the programs like cities and schools, the work that Barbara Bush is doing so people can learn to read in this country and then go on and break this cycle of poverty. Im for Head Start and moving that up. And Ive already made a proposal  and yes, it will cost some money. But I favor that. So these are the combination of things I want, and the fact that I dont think the federal government can endorse a $35 billion program does not mean I have less compassion than the person who endorses such a program."}, {"actor": "Lehrer", "dialogue": "Governor."}, {"actor": "Dukakis", "dialogue": "Well, I must have been living through a different eight years then the ones the vice presidents been living through, because this administration has cut and slashed and cut and slashed programs for children, for nutrition, for the kinds of things that can help these youngsters to live better lives. Its cut federal aid to education; its cut Pell grants and loans to close the door to college opportunity on youngsters all over this country. And that, too, is a major difference between the vice president and me. Let me just give you one other example. We have a great many people, hundreds of thousands of people living on public assistance in this country. The 50 governors of this nation have proposed to the Congress that we help those families to get off of welfare, help those youngsters, help their mothers to become independent and self-sufficient. Its taken months and months and months to get Mr. Bush and the administration to support that legislation, and theyre still resisting. Thats the way you help people. Being haunted, a thousand points of light  I dont know what that means. I know what strong political leadership is. I know whats happened over the course of the past eight years. These programs have been cut and slashed and butchered, and theyve hurt kids all over this country."}, {"actor": "Lehrer", "dialogue": "A question for the governor, Peter."}, {"actor": "Jennings", "dialogue": "Governor, the crisis is no less a crisis for you if you are elected president. Where would you get the money to devote to the inner cities which is clearly needed. And can you be specific about the programs not only youd reinstate, but the more imaginative ones that youd begin."}, {"actor": "Dukakis", "dialogue": "Well, I said a few minutes ago, Peter, that you could improve the lives of families and youngsters and save money at the same time. Welfare reform is one way to do it. If we invest in job training, in child care for those youngsters, in some extended health benefits so that that mother and her kids dont lose their health benefits when she goes to work, we can help literally hundreds of thousands, if not millions of families, to get off of welfare, to become independent and self-sufficient, to be taxpaying citizens, and to improve their lives, the quality of lives, their futures, and the futures of those children. Thats just one example of how you can save money and improve the quality of life at the same time. In my own state, for example, we now have that universal health care system, which the vice president opposes, I think very unwisely. One of the greatest barriers to opportunity for a family and for those children is the threat that they mat lose their health insurance. Think about that father down there in Houston who has to tell his youngster that he cant play little league ball that he cant go out on the ball field because hes afraid hes going to get hurt. And yet, Mr. Bush says well, I dont think we ought to expect business to provide health insurance for their employees, when responsible employers, a majority of employers in this country do and are paying more for their insurance to reimburse hospitals for free care on account of people that are not insured, that have to go to that hospital. So these are the ways that you help families, you help youngsters to live better lives, and more decent lives. Were ready to go to work at the state and local level, all of us. I know the private sector is. People are all over the country. But it takes presidential leadership. It takes a commitment to being involved and the leading. And thats the kind of presidency I want to lead."}, {"actor": "Lehrer", "dialogue": "Mr. Vice President."}, {"actor": "Bush", "dialogue": "What troubles me is that when I talk of the voluntary sector and a thousand points of light and a thousand different ways to help on these problems, the man has just said he doesnt understand what Im talking about. This is the problem I have with the big spending liberals. They think the only way to do it is for the federal government to do it all. The fact happens to be that education spending is up by the federal government; it is up. It is not down. But heres the point he misses. The federal government spends seven percent of the total on education, and the rest of the state governments and local governments and the thousand points of lightened Im talking about private schools and private church schools and things of this natureare putting up 93 percent. But the federal spending for education is up, and I want to be the education president, because I want to see us do better. Were putting more money per child into education, and we are not performing as we should. Weve gotten away fro values and the fundamentals. And I would like to urge the school superintendents and the others around the country to stand up now and keep us moving forward on a path towards real excellence. And we can do it. But its not going to be dedicated by some federal bureaucracy in Washington, D.C."}, {"actor": "Lehrer", "dialogue": "All right, lets move now to some questions on foreign and national security policy. John Mashek will ask the first question of the governor."}, {"actor": "Mashek", "dialogue": "Governor, the vice president continually refers to your lack of experience, weakness, naivete on foreign policy and national security matters. He says you are prepared to eliminate weapons system that will result in the unilateral disarmament of this country. Is that true?"}, {"actor": "Dukakis", "dialogue": "Of course not. Of course thats a charge thats always made against any governor who runs for the presidency. I think it was one of the things that Mr. Bush said about Mr. Reagan back in 1980. Remember that, George? And yet some of our finest presidents, some of our strongest international leaders were governors-Franklin Roosevelt, Woodrow Wilson, Theodore Roosevelt. Its not the amount of time you spend in Washington. Its not the length of your resume. Its your strength, its your values, its the quality of the people you pick. Its your understanding of the forces of change that are sweeping the world, and whether or not youre in a position to provide leadership to make those forces of change work for us and not against us. The vice president has a long resume. But it didnt stop him from endorsing the sale of arms to the Ayatollah. And we now know that he was not out of the loop; he was in meeting after meeting listening to Secretary Shultz and Secretary Weinberger opposing that, and yet he supported it. His experience didnt prevent him from participating or involving or in some way being involved in the relationship between this government and Mr. Noriega and drug trafficking in Panama. He went to Philippines in the early 80s and commended Ferdinand Macros for his commitment to democracy. And he continues to support a failed policy in Central America which is getting worse and worse, and which has in fact increased Cuban and Soviet influence in that region. So I dont believe that the fact youve got that long resume or had that experience is the real question. The question is values; the question is strength, the question is your willingness to provide the kind of leadership that must be provided. Im ready to provide that leadership. I want to be the commander in chief of this country. I think it take fresh leadership now, and an understanding of those forces of change to provide the kind of strength that we need, and perhaps the vice president can explain what he was doing when he supported the trading of arms to terrorist nation, and his involvement in Panama and that endorsement of Mr. Macros. But I dont think its just experience that makes the difference. Its strength; its values."}, {"actor": "Lehrer", "dialogue": "Mr. Vice President."}, {"actor": "Bush", "dialogue": "Well, I thought the question was about defense. The governor was for a nuclear freeze that would have locked in a thousand Soviet intermediate nuclear force weapons and zero for the West. And because we didnt listen to the freeze advocates, and strengthen the defense of this country, we now have the first arms control agreement in the nuclear age. Now, were sitting down and talking to the Soviets about strategic arms, and he wants to do away with the Midgetman and the MX, the modernization or our nuclear capability. That is not the way you deal with the Soviets. Ive met Mr. Gorbachev. Met Mr. Shevardnadze and talked substance with him the other day. These people are tough. But now we have a chance. I few have experience and now how to handle it, but please do not go back to the days when the military was as weak as they could be, when the morale was down, and when we were the laughing stock around the world. And now we are back, because we have strengthened the defenses of this country, and believe me, I dont want to see us return to those days."}, {"actor": "Lehrer", "dialogue": "Mr. Vice President"}, {"actor": "Bush", "dialogue": "And he just lifted martial law. And he just called for new elections. And all of those things happened because the Philippines do crave democracy. And out he goes."}, {"actor": "Lehrer", "dialogue": "Mr. Vice President, your time is up. John, a question for the vice president."}, {"actor": "Mashek", "dialogue": "Mr. Vice President, the governor has suggested that youve never met a weapons system that you didnt like or want. Are you prepared to tell the voters one system in this time of tight budgetary restraints and problems at the Pentagon that youd be willing to cut or even eliminate that wouldnt endanger national security?"}, {"actor": "Bush", "dialogue": "I dont think its a question of eliminating. I can tell him some Im against. A-6F, for example. DIVAD. And I can go on and on. Minuteman III, penetration systems. I mean, theres plenty of them that I oppose, but what I am not going to do, when we are negotiating with the Soviet Union, sitting down talking to Mr. Gorbachev about how we achieve a 50 percent reduction in our strategic weapons, Im not going to give away a couple of aces I that very tough card game. Im simply not going to do that. And under me, when I lead this country, the secretary of defense is going to have to make the choices, between how we keep, how we protect the survivability of our nuclear deployment on the Midgetman missile, or on the Minuteman, whatever it is. Were going to have to-the MX. Were going to have to do that. Its Christmas."}, {"actor": "descriptor", "dialogue": "(Laughter)"}, {"actor": "Bush", "dialogue": "Wouldnt it be nice to be perfect?"}, {"actor": "Dukakis", "dialogue": "I hope it isnt Christmas when you make that decision."}, {"actor": "Bush", "dialogue": "wouldnt it be nice to be the ice man so you never make a mistake? These are the-my answer is do not make these unilateral cuts, and everybody now realizes that peace through strength works, and so this is where I have a big difference. Of course were going to have to make some determination on this, and were going to have to make it on the convention forces. But now weve got a very good concept called competitive strategies. We will do what we do best. Its a strategy that weve been working on for a couple of years. It is going to take us to much better advantage in conventional forces. But look, let me sum it up. I want to be the president that gets conventional forces balance. I want to be the one to banish chemical and biological weapons from the face of the earth. But you have to have a little bit of experience to know where to start. And I think Ive had that."}, {"actor": "Lehrer", "dialogue": "Governor?"}, {"actor": "Dukakis", "dialogue": "Well, first let me say with respect to the freeze, that back in the spring of 1982 Mr. Bush was a lot more sympathetic to the freeze than he seems to be today. As a matter of fact, he said it was not and should not be subject to partisan demagoguery because it was too important for the United States or for the world. I didnt hear, John, exactly where he was going to cut and what he was going to do. But I know this, we have serious financial problems in this country. Weve piled up over a trillion dollars in debt and the next president of the United States is going to have to make some choices. Mr. Bush wants to spend billions on Star Wars. He apparently wants to spend billions on the MX on railroad cars, a weapons system we dont need and cant afford. I thought the administration was opposed to the Midgetman. I thought the administration was at the negotiating table in Geneva suggesting that we ban mobile missile systems entirely. But those are the choices the next president of the United States is going to have to make. Im for the Stealth, Im for the D-5, Im for going ahead with the advance Cruise missile. But I dont think we need these other systems. I dont think we need them to remain strong. Weve got to move ahead with the strategic arms negotiation process, with the comprehensive test ban treaty and with negotiations leading to conventional force reduction in Europe with deeper cuts on the Soviet side and Senator Bentsen and I will pursue that policy."}, {"actor": "Lehrer", "dialogue": "Anne Groer, a question for the Vice President."}, {"actor": "Groer", "dialogue": "Well, Mr. Vice President, you said youve met with Secretary General Gorbachev, youve met with Mr. Shevardnadze, but for the last forty years Americans have been taught to regard the Soviet Union as the enemy. Yet, President Reagan has signed two arms control treaties and hes promised to share Star Wars technology with the very country he once called the evil empire. So, perhaps you can tell us this evening, should we be doing a lot to help the economics and the social development of a country that we have so long regarded as an adversary?BUSH: What I think we ought to do is take a look at perestroika and glasnost, welcome them, but keep our eyes open. Be cautious. Because the Soviet change is not fully established yet. Yes, I think its fine to do business with them. And, so, Im encouraged with what I see when I talk to Mr.  what I hear when I talk to Mr. Gorbachev and Mr. Shevardnadze, but can they pull it off. And when they have a they a deals that are good for us, as China started to dothe changes in China since Barbara and I lived there is absolutely amazing, in terms of incentive, in partnership and things of this nature. And now the Soviet Union seems to be walking down that same path. We should encourage that. We ought to say this is good. But where I differ with my opponent is I am not going to make unilateral cuts in our strategic defend systems or support some freeze when they have superiority. Im not going to do that, because I think the jury is still out on the Soviet experiment. And the interesting place-one of the things that fascinates me about this perestroika and glasnost is wheats going to happen in Eastern Europe. You see the turmoil in Poland today. And I think we have enormous opportunity for trade. I dont want to go back to the Carter grain embargo on the Soviets. We are once again reliable suppliers and I would never use food as a political tool like our predecessors did. But this is an exciting time. But all Im suggesting is lets not be nave in dealing with the Soviets and make a lot of unilateral cuts hoping against hope that they will match our bid. Look at the INF treaty. And if we havent learned from the negotiating history on that, well never learn. The freeze people were wrong. The Reagan-Bush administration was right."}, {"actor": "Lehrer", "dialogue": "Governor Dukakis."}, {"actor": "Dukakis", "dialogue": "It was a very different George Bush who was talking much more sympathetically about the freeze in the spring of 1982 than he is today. And you were right then, George, when you said it was no time for partisan demagoguery. Nobody is suggesting that we unilaterally disarm or somehow reduce our strength, of course not. What were talking about is a combination of a strong and effective and credible nuclear deterrent. Strong, well-equipped, well-trained, well-maintained conventional forces. And at the same time a willingness to move forward steadily, thoughtfully cautiously. We have serious differences with the Soviet Union. We have very fundamental differences about human rights, democracy and our basic system, our basic view of human beings and of what life is all about. But there are opportunities there now. Senator Bentsen and I have a plan for the 1990s and beyond. Mr. Bush and Mr. Quayle do not. And we want to pursue that plan in a way which will bring down the level of nuclear armament, will build a more stable and more peaceful world while making choices here at home. Lets not forget that our national security and our economic security go hand in hand. We cannot be strong militarily when were teeter-tottering on top of a mountain of debt which has been created in the past eight years. Thats why we need a Democratic administration in Washington in 1989."}, {"actor": "descriptor", "dialogue": "(Applause)"}, {"actor": "Lehrer", "dialogue": "Anne Groer, a question for the Governor."}, {"actor": "Groer", "dialogue": "Yes. Governor Dukakis, speaking of seeming changes of position, you have gone from calling the Strategic Defense Initiative, or Star Wars, a fantasy and a fraud, to saying recently that you would continue SDI research and might even deploy the system if Congress supported such a move. Why the change of heart?"}, {"actor": "Dukakis", "dialogue": "No, theres been no change of heart. I said from the beginning that we ought to continue research into the strategic system at about the level that was added in 1983, thats about a billion dollars a year. But I dont know of any reputable scientist who believed that this system, at least as originally conceived could possibly work, this notion of some kind of astrodome over ourselves that could protect us from enemy attack. It makes real sense. And as a matter of fact, the system that the administration is now talking about is very different from the one that was originally proposed in 1983. So, Im for continued research, but I also want strong conventional forces. Now, the other day, Mr. Bush said, Well, if we continue with Star War-Star Wars-we have to cut some place. He hasnt told us where. We know where theyre cutting. We know where youre cutting right now. Youre cutting into the fiber and muscle of our conventional forces. Youre cutting back on maintenance and equipment. An Air Force General not too long ago in Europe who said that pretty soon wed have airplanes without engines, tank commanders who cant drive their tanks more than three-quarters of a mile, because they dont have enough fuel. Coast Guard cutters tied up at the dock this summer, not patrolling. Theyre supposed to be our first line of defense against drugs and the war against drugs, because they dont have enough fuel. You have to make choices. Were not making those choices. And to spend billions and billions of dollars as Mr. Bush apparently wants to, although, he, himself has been all over the lot on this issue lately-on Star Wars-in my judgment makes no sense at all. We need a strong, credible, effective nuclear deterrent. We have 13,000 strategic nuclear warheads right now on land, on sea and in the air, enough to blow up the Soviet Union forty times over. They have about 12,000. So, weve got to move forward with those negotiations, get the level of strategic weapons down. But to continue to commit billions to this system makes no sense at all and I think Mr. Bush has been reconsidering his position over the course of the past few weeks. Thats-at least thats what I read. Maybe hell tell us where he stand on it tonight."}, {"actor": "Lehrer", "dialogue": "Mr. Vice President."}, {"actor": "Bush", "dialogue": "Im not reconsidering my position. Two questions: How do you deter nuclear attack without modernizing our nuclear forces when the Soviets are modernizing and how come you spend-willing to spend a dime on something that you consider a fantasy and a fraud. Those are two hypo-rhetorical questions. He is the man on conventional forces that wants to eliminate two carrier battle groups. The armed forces, the conventional forces of the United States have never been more ready. Every single one of the Joint Chiefs will testify to the fact that readiness is in an historic high. And secondly, in terms of the cutting of the Coast Guard, the Democratic controlled Congress, so please help us with that, who cut $70 million from the Coast Guard out of the interdiction effort on narcotics."}, {"actor": "descriptor", "dialogue": "(Applause)"}, {"actor": "Bush", "dialogue": "Hes got to get this thing more clear. Why do you spend a billion dollars on something you think is a fantasy and a fraud? I will fully research it, go forward as fast as we can. Weve set up the levels of funding and when it is deployable, I will deploy it. That is my position on SDI and its never wavered a bit."}, {"actor": "Lehrer", "dialogue": "Peter Jennings, a question for Governor Dukakis."}, {"actor": "Jennings", "dialogue": "Well, Governor, and Vice President Bush, youve both talked tonight about hard choices. Let me try to give you one. Somewhere in the Middle East tonight, nine Americans are being held hostage. If you are commander-in-chief and Americans are held hostage, what will be more important to you, their individual fate, or the commitment that the United States Government must never negotiate with terrorists. And if any Americans are held hostage and you become president, to what lengths would you go to rescue them?"}, {"actor": "Dukakis", "dialogue": "Peter, its one of the most agonizing decisions a president has to make. These are American citizens, we care deeply about them. Their families care deeply about them, want them back and understandably so and we want to do everything we can to bring them back. But if theres one thing we also understand it is that you cannot make concessions to terrorists, ever, ever. Because if you do, its an open invitation to other terrorists to take hostages and to blackmail us. And thats the tragedy of the Iran/Contra scandal. As a matter of fact, Mr. Bush was the Chairman of a task force on international terrorism which issued a report shortly before that decision was made and said, and rightly so, that we never ever can make concessions to terrorists and hostage takers. And, yet, after sitting through meeting after meeting, he endorsed that decision, endorsed the sale of arms to the Ayatollah in exchange for hostages, one of the most tragic, one of the most mistaken foreign policy decisions weve ever made in this country and I dare say encouraged others to take hostages as we now know. So, there can be no concessions under any circumstances, because if we do its an open invitation to others to do the same. Weve got to be tough on international terrorism. Weve got to treat it as international crime. Weve got to attack at all points, weve go to use undercover operations. We have to be prepared to use military force against terrorist base camps, we have to work closely with our allies to make sure that theyre working with us and we with them and we can give no quarter when it comes to breaking the back of international terrorism. Yes, we should make every effort to try to help those hostages come home, but it can never be because we make concessions. That was a tragic mistake that we made, a mistake that Mr. Bush made and others made and it should never ever be made again."}, {"actor": "Lehrer", "dialogue": "Mr. Vice President?"}, {"actor": "Bush", "dialogue": "I wrote the anti-terrorist report for this government. It is the best anti-terrorist report written. Yes, we shouldnt trade arms for hostages. But we have made vast improvements in our anti-terrorism. Now, its fine to say that sometimes you have to hit base camps, but when the president saw this state sponsored-fingerprints of Muammar Khadaffi on the loss of American life, he hit Libya. And my opponent was unwilling to support that action."}, {"actor": "Dukakis", "dialogue": "Thats not true. Thats not true."}, {"actor": "Bush", "dialogue": "And since that action, terrorist action against the United States citizens have gone down."}, {"actor": "Dukakis", "dialogue": "Thats not true."}, {"actor": "Bush", "dialogue": "And I have long ago said I supported the president on this other matter. And Ive said mistakes were made. Clearly nobodys going to think the president started out thinking he was going to trade arms for hostages. That is a very serious charge against the president. The matter has been thoroughly looked into. But the point is sometimes the action-"}, {"actor": "descriptor", "dialogue": "(Laughter)"}, {"actor": "Bush", "dialogue": " has to be taken by the Federal Government and when we took action, it had a favorable response."}, {"actor": "Lehrer", "dialogue": "A question for the Vice President. Peter?"}, {"actor": "Jennings", "dialogue": "It seems perhaps a good subject, Mr. Vice President, on which to make the point that youve campaigned vigorously as part of a leadership team. But so far you wont tell the American people in considerable measure what advice you gave the president, including the sale of arms to Iran and what should have been done about the hostages. To the best of my knowledge theres no Constitutional requirement which prevents you from doing so. Jimmy Carter urged his Vice President, Walter Mondale, to tell the American people. Would you now ask President Reagan for permission to tell the American people what advice you did give him? And if you dont, how do we judge your judgment in the Oval Office in the last eight years?"}, {"actor": "Bush", "dialogue": "Youre judged by the whole record. Youre judged by the entire record. Are we closer to peace? Are we doing better in anti-terrorism? Should we have listened to my opponent who wanted to send the UN into the Persian Gulf or in spite of the mistakes of the past, are we doing better there? How is our credibility with the GCC countries on the Western side of the Gulf. Is Iran talking to Iraq about peace? You judge on the record. Are the Soviets coming out of Afghanistan? How does it look in a program he called or some one of these marvelous Boston adjective up there and-about Angola-now, we have a chance-several Bostonians dont like it, but the rest of the country will understand."}, {"actor": "descriptor", "dialogue": "(Applause)"}, {"actor": "Bush", "dialogue": "Now we have a chance. Now we have a chance. And, so, I think that Id leave it right there and say that you judge on the whole record. And let me say this-all he can talk about-he goes around ranting about Noriega. Now, Ive told you what the intelligence briefing he received said about that. He can talk about Iran/Contra and also-Ill make a deal with you, I will take the blame for those two incidents if you give me half the credit for all the good things that have happened in world peace since Ronald Reagan and I took over from the Carter administration."}, {"actor": "descriptor", "dialogue": "(Applause)"}, {"actor": "Bush", "dialogue": "I still have a couple of minutes left. And there is a difference principle"}, {"actor": "Lehrer", "dialogue": "Sorry, Mr. Vice President."}, {"actor": "Bush", "dialogue": "Its only on yellow here. Wait a minute."}, {"actor": "descriptor", "dialogue": "(Laughter)"}, {"actor": "Lehrer", "dialogue": "Im wrong. Go ahead. My apologies."}, {"actor": "Bush", "dialogue": "Jim"}, {"actor": "Lehrer", "dialogue": "You said nobodys perfect."}, {"actor": "Bush", "dialogue": "I said I wasnt perfect. Where was I?"}, {"actor": "Dukakis", "dialogue": "25th of December, Mr. Vice President."}, {"actor": "descriptor", "dialogue": "(Laughter)"}, {"actor": "Bush", "dialogue": "I finished."}, {"actor": "Dukakis", "dialogue": "He can have another ten seconds if he wants, Jim."}, {"actor": "Lehrer", "dialogue": "Governor, you have a minute to respond."}, {"actor": "Dukakis", "dialogue": "Well, the matter of judgment is very important. And I think its important to understand what happened here. A report on international terrorism chaired by the Vice President was released and made some very specific recommendations about how to deal with terrorism. They were ignored. The Vice President ignored them. He says mistakes were made. Very serious mistakes in judgment were made. He says, Well, lets concede that the administration has been doing business with Noriega. Has made him a part of our foreign policy and has been funneling aid to Contras through convicted drug dealers. I think those are very very serious questions of judgment, which those of you who are watching us here tonight have a right to judge and review. Were not going to make those kinds of mistakes. You cannot make concessions to terrorists. If you do, you invite the taking of more hostages. Thats a basic principle. It was ignored in that case and it was a very very serious mistake in judgment."}, {"actor": "Lehrer", "dialogue": "A question from John Mashek. It goes to the Vice President."}, {"actor": "Mashek", "dialogue": "Mr. Vice President, Democrats and even some Republicans are still expressing reservations about the qualifications and credentials of Senator Dan Quayle of Indiana, your chosen running mate, to be a heartbeat away from the presidency. What do you see in him that others do not?"}, {"actor": "descriptor", "dialogue": "(Laughter)"}, {"actor": "Bush", "dialogue": "I see a young man that was elected to the Senate twice, to the House of Representatives twice. I see a man who is young and I am putting my confidence in a whole generation of people that are in their 30s and 40s. I see a man that took the leadership in the Job Training Partnership Act and that retrains people in this highly competitive changing society were in, so if a person loses his hob he is retrained for a benefit-for a-work that will be productive and he wont have to go on one of these many programs that the liberal-talking about. I see a young man who is a knowledgeable-in defense and there are three people on our ticket that are knowledgeable-in the whole-in the race-knowledgeable in defense and Dan Quayle is one of them and I am one of them. And I believe that he will be outstanding. And he took a tremendous pounding and everybody now knows that he took a very unfair pounding. And Id like each person to say did I jump to conclusions running down rumors that were so outrageous and so brutal. And hes kept his head up. And he will do very very well. And he has my full confidence and hell have the confidence of people that are in their 30s and 40s and more. So, judge the man on his record not on the-lot of rumors and innuendo and trying to fool around with his name. My opponent says J. Danforth Quayle. Do you know who J. Danforth was, he was a man who gave his life in World War II, so ridiculing a persons name is a little beneath this process. And hell do very well when we get into the debates."}, {"actor": "descriptor", "dialogue": "(Applause)"}, {"actor": "Dukakis", "dialogue": "Well, when it comes to ridicule, George, you win a gold medal. I think we can agree on that in the course of this campaign."}, {"actor": "descriptor", "dialogue": "(Applause)"}, {"actor": "Bush", "dialogue": "Just the facts."}, {"actor": "Dukakis", "dialogue": "But did I-did I sense a desire that maybe Lloyd Bentsen ought to be your running mate when you said there are three people on your ticket?"}, {"actor": "Bush", "dialogue": "No, I think the debate ought to be between you and Lloyd."}, {"actor": "Dukakis", "dialogue": "I think the American people have a right to judge us on this question, on how we picked a running mate, a person who is a heartbeat away from the presidency. I picked Lloyd Bentsen, distinguished, strong, mature, a leader in the Senate, somebody whose qualifications nobody has questioned. Mr. Bush picked Dan Quayle. I doubt very much that Dan Quayle was the best qualified person for that job. And as a matter of fact, I think for most people the notion of President Quayle is a very very troubling thought."}, {"actor": "Lehrer", "dialogue": "John will ask a question of the Governor. It will be the last question and then the Vice President will have a rebuttal."}, {"actor": "Mashek", "dialogue": "Well, Governor, you did select Lloyd Bentsen of Texas."}, {"actor": "Dukakis", "dialogue": "I did indeed."}, {"actor": "Mashek", "dialogue": "And you have a lot of disagreement with him on fundamental issues, including the Reagan tax cuts, aid to the rebels in Nicaragua, the death penalty, gun control. Whos right?"}, {"actor": "descriptor", "dialogue": "(Laughter)"}, {"actor": "Dukakis", "dialogue": "Well, John, Im a man thats been a chief executive for ten years. Ive picked a lot of people. Ive picked cabinets. Ive named judges. I know that the people you pick make an enormous difference in your ability to govern and I set high standards. I try to meet them and I insist that people who work for me meet them, if they dont, they dont stick around very long. But I didnt pick Lloyd Bentsen because he was a clone of Mike Dukakis. I picked him because he was somebody who would be a strong Vice President, somebody who would be an active Vice President. Somebody who would come to me if somebody came up with a crazy idea that we ought to trade arms to the Ayatollah for hostages and say, Mr. President, thats wrong. We shouldnt do that. Thats the kind of Vice President I want. He, himself, has said, and rightly so, that hell be a strong Vice President. When the Vice President makes a decision, that will be his decision. And Im very very proud of that choice. And I didnt pick him because he agreed with me on everything. You know, Sam Rayburn once said that if two people agree on everything then only one person is doing the thinking. The fact is Ive picked somebody who not only will be a great Vice President, but if, God forbid, something happens to the president, could step into that office and do so with distinction and with strength and with leadership. I doubt very much. I doubt very much that Mr. Bushs selection for the Vice Presidency of the United States meets that test."}, {"actor": "descriptor", "dialogue": "(Applause)"}, {"actor": "Lehrer", "dialogue": "Mr. Vice President?"}, {"actor": "Bush", "dialogue": "Well, I-we obviously have a difference. I believe it does meet the test. Well have an opportunity to see the two of them in action in a friendly forum, wonderful friendly fashion like this."}, {"actor": "descriptor", "dialogue": "(Laughter)"}, {"actor": "Bush", "dialogue": "I had hoped this had been a little friendlier evening. I wanted to hitchhike a ride home in his tank with him. But now weve got the lines too carefully drawn here. But you talk about judgment. I mean, what kind of judgment-I mean, jumping all over the president on his decision on one area of farm policy. What kind of judgment sense has your chief education adviser now in jail in Massachusetts? I mean, theres-I dont think this is a fair argument. But nevertheless, I support my nominee for Vice President and hell do an outstanding job."}, {"actor": "Lehrer", "dialogue": "Gentlemen, I was given some bad word a moment ago. There is time for one more question. Getting it in my ear and Ann Groer will ask it. Ann? To the Governor."}, {"actor": "Groer", "dialogue": "Governor Dukakis, as many U.S. farmers face or undergo foreclosure, the United States is considering the possibility of forgiving a certain percentage of debt owed by Latin American and Third World countries, do you favor giving these countries a break in their loans and, if so, how do you explain that to the American farmers who are losing their land and livelihood?"}, {"actor": "Dukakis", "dialogue": "Well, I think we have to go to work on the problem of Third World debt and weve got to assist those Third World countries in dealing with this massive debt which they currently-which they have incurred and which is burdening them and which if we dont do something about it and assist them along with other nations around the world, well destroy their economies, destroy their future. And at the same time will destroy markets that are important to our farmers. But I also believe we need an agricultural policy which doesnt cost us 15 to 20 to 25 billion dollars a year that its been costing us over the course of the past three or four years under this administration. I think its going to require good, solid credit policies. And thanks to the Congress we now have an agricultural credit bill which is helping and improving the situation with at least some of our farmers. I think its going to require a combination of supply management and reasonable price supports to make sure that our farmers get a decent price and I think it also is going to require an administration that understand that there are tremendous opportunities out there for the development of new uses for agricultural products, new uses which can help us to clean up our environment at the same time. Bio-degradable plastics-plastic-gasohol, which the Vice President has been involved in, road de-icers made from corn products. I mean, there are enormous opportunities out there to expand markets and to build a strong future for our farmers. But I dont think theres anything mutually exclusive or contradictory about building a strong farm economy in this country and assisting our family farms and providing a good strong future for rural communities and for rural America and at the same time working on Third World debt. As a matter of fact, Mexico, itself, is one of our biggest agricultural customers, so in the sense that we can work to help Mexico rebuild and expand and deal with these very serious economic problems we help our farmers at the same time."}, {"actor": "Lehrer", "dialogue": "Mr. Vice President?"}, {"actor": "Bush", "dialogue": "I oppose supply management and production controls. I support the farm bill, the 1985 farm bill and spending is moving in the right direction. I want to expand our markets abroad and thats why Ive called for that first economic summit to be on agriculture. I will not go back to the way the Democrats did it and used food as a political weapon and throw a grain embargo on the farmers in this country. I want to see rural redevelopment and I have been out front in favor of alternate sources of energy and one of them is gasohol and comes from using your corn and I think we can do better in terms of biodegradable for a lot of product, so Im optimistic about the agricultural economy. In terms of the Third World, I support the Baker plan. I want to see market economies spring up all around the world and to the degree they do, we are succeeding. And I dont want to see the banks let off the hook. I would oppose that, but I think were on the right track in agriculture and I am very very encouraged. But lets not go back to that-what they call supply management and production control, thatll simply price us out of the international market. Lets try to expand our markets abroad."}, {"actor": "Lehrer", "dialogue": "All right. That really is the end. Now, lets go to closing statements. They will be two minutes each in duration by agreement. Vice President Bush goes first. Governor Dukakis second. Mr. Vice President."}, {"actor": "Bush", "dialogue": "I talked in New Orleans about a gentler and kinder nation and I have made specific proposals on education and the environment and on ethics and energy and how we do better in battling crime in our country. But there are two main focal points of this election. Opportunity and peace. I want to keep this expansion going. Yes, we want change but we are the change. I am the change. I dont want to go back to malaise and misery index. And, so, opportunity. Keep America at work. The best poverty program is a job with dignity in the private sector. And in terms of peace, we are on the right track. Weve achieved an arms control agreement that our critics thought was never possible and I want to build on it. I want to see us finalize that START agreement and I want it to be the one to finally lead the world to banishing chemical and biological weapons. I want to see asymmetrical reductions in conventional forces. And then it gets down to a question of values. Weve had a chance to spell out our differences on the Pledge of Allegiance here tonight and on tough sentencing of drug king pins and this kind of thing. And I do favor the death penalty. And weve got a wide array of differences on those. But in the final analysis-in the final analysis, the person goes into that voting booth, theyre going to say, Who has the values I believe in? Who has the experience that we trust? Who has the integrity and stability to get the job done? My fellow Americans, I am that man and I ask for your support. Thank you very much."}, {"actor": "descriptor", "dialogue": "(Applause)"}, {"actor": "Dukakis", "dialogue": "This has been an extraordinary 18 months for Kitty and me and for our family. Weve had an opportunity to campaign all over this country and to meet with so many of you in communities and states and regions to get to know you. Im more optimistic today than I was when I began about this nation providing we have the kind of leadership in Washington that can work with you, that can build partnerships, that can build jobs in every part of this country, not certain parts of this country. You know, my friends, my parents came to this country as immigrants like millions and millions of Americans before them and since, seeking opportunities, seeking the American dream. They made sure their sons understood that this was the greatest country in the world, that those of us especially who were the sons and daughters of immigrants had a special responsibility to give something to the country that had opened up its arms to our parents and given so much to them. I believe in the American dream. Im a product of it and I want to help that dream come true for every single citizen in this land, with a good job and good wages, with good schools in every part of this country and every community in this country. With decent and affordable housing that our people can buy and own and live in, so that we end the shame of hopelessness in America. With decent and affordable healthcare for all working families. Yes, its a tough problem as Mr. Bush says, but its not an insolvable problem. Its one that we will solve and must solve, with a clean and wholesome environment and with a strong America thats strong militarily and economically as we must be, an America that provides strong international leadership because were true to our values. We have an opportunity working together to build that future, to build a better America, to build a best America, because the best America doesnt hide. We compete. The best America. We invest. The best America doesnt leave some of its citizens behind. We live-we bring everybody along. And the best America is not behind us. The best America is yet to come. Thank you very much."}, {"actor": "descriptor", "dialogue": "(Applause)"}], "date": ["September", "25", "1988"]}